Workbook

Sheet Curve Header (IEQ use only)
A1: Version 2.0 | C1: Factor | E1: Conversion
A2: =IF('Curve Header Data'!A1="","",'Curve Header Data'!A1) -> Flow: | B2: m3/h | C2: 4.40286764029913 | E2: =IF('Curve Header Data'!B1="USgpm",IF(B2="USgpm",1,1/C2),IF('Curve Header Data'!B1="m3/h",IF(B2="m3/h",1,C2))) -> 0.2271247 | F2: Head | G2: m | H2: 3.28083989501312 | J2: =IF('Curve Header Data'!B2="ft",IF(G2="ft",1,1/H2),IF('Curve Header Data'!B2="m",IF(G2="m",1,H2))) -> 0.3048
A3: =IF('Curve Header Data'!A4="","",'Curve Header Data'!A4) -> Diameter: | B3: mm | C3: 0.039370079 | D3: =IF('Curve Header Data'!D4="","",'Curve Header Data'!D4) | E3: =IF('Curve Header Data'!B4="inch",IF(B3="inch",1,1/C3),IF('Curve Header Data'!B4="mm",IF(B3="mm",1,C3))) -> 25.4 | F3: Power: | G3: kW | H3: 1.3410218586563 | J3: =IF('Curve Header Data'!B3="hp",IF(G3="hp",1,IF(G3="kW",1/H3)),IF('Curve Header Data'!B3="kW",IF(G3="kW",1,IF(G3="hp",H3)))) -> 0.7457
A5: Organization: | B5: Acme
A6: Curve family: | B6: ='Curve Header Data'!B7 -> VT
A7: =IF('Curve Header Data'!A8="","",'Curve Header Data'!A8) | B7: =IF('Curve Header Data'!B8="","",'Curve Header Data'!B8) | E7: curveRevNumber | H7: eyeCount | I7: nssIncrement | O7: headMarginFixedDia | P7: powerDriverFixed | Q7: serviceFactorDriverFixed | R7: speedVariableCurveMin | S7: isoEfficiencyValues
A8: =IF('Curve Header Data'!A9="","",'Curve Header Data'!A9) -> Curve number | B8: =IF('Curve Header Data'!C9="","",'Curve Header Data'!C9) -> Speed, data | C8: =IF('Curve Header Data'!D9="","",'Curve Header Data'!D9) -> Poles | D8: =IF('Curve Header Data'!E9="","",'Curve Header Data'!E9) -> Hz | E8: =IF('Curve Header Data'!B9="","",'Curve Header Data'!B9) -> Revision number | F8: =IF('Curve Header Data'!K9="","",'Curve Header Data'!K9) -> MCSF @ min impeller diameter | G8: =IF('Curve Header Data'!L9="","",'Curve Header Data'!L9) -> MCSF @ max impeller diameter | H8: =IF('Curve Header Data'!N9="","",'Curve Header Data'!N9) -> Number of impeller eyes | I8: =IF('Curve Header Data'!O9="","",'Curve Header Data'!O9) -> Nss Increment | J8: =IF('Curve Header Data'!M9="","",'Curve Header Data'!M9) | K8: =IF('Curve Header Data'!G9="","",'Curve Header Data'!G9) -> Speed, nominal | L8: =IF('Curve Header Data'!H9="","",'Curve Header Data'!H9) -> Speed, Min | M8: =IF('Curve Header Data'!I9="","",'Curve Header Data'!I9) -> Speed, max | N8: =IF('Curve Header Data'!J9="","",'Curve Header Data'!J9) -> Diameter increment | O8: =IF('Curve Header Data'!S9="","",'Curve Header Data'!S9) -> Head margin for fixed diameter | P8: =IF('Curve Header Data'!T9="","",'Curve Header Data'!T9) -> Fixed motor power | Q8: =IF('Curve Header Data'!U9="","",'Curve Header Data'!U9) -> Fixed motor service factor | R8: =IF('Curve Header Data'!V9="","",'Curve Header Data'!V9) -> Variable speed min limit | S8: =IF('Curve Header Data'!W9="","",'Curve Header Data'!W9) -> ISO efficiency values
A9: =IF('Curve Header Data'!A10="","",'Curve Header Data'!A10) | B9: =IF('Curve Header Data'!C10="","",'Curve Header Data'!C10) -> rpm | C9: =IF('Curve Header Data'!D10="","",'Curve Header Data'!D10) | D9: =IF('Curve Header Data'!E10="","",'Curve Header Data'!E10) -> Hz | E9: =IF('Curve Header Data'!B10="","",'Curve Header Data'!B10) | F9: =B2 -> m3/h | G9: =B2 -> m3/h | H9: =IF('Curve Header Data'!N10="","",'Curve Header Data'!N10) | I9: =IF('Curve Header Data'!O10="","",'Curve Header Data'!O10) | J9: =IF('Curve Header Data'!M10="","",'Curve Header Data'!M10) | K9: =IF('Curve Header Data'!G10="","",'Curve Header Data'!G10) -> rpm | L9: =IF('Curve Header Data'!H10="","",'Curve Header Data'!H10) -> rpm | M9: =IF('Curve Header Data'!I10="","",'Curve Header Data'!I10) -> rpm | N9: =B3 -> mm | O9: =G2 -> m | P9: =G3 -> kW | R9: =IF('Curve Header Data'!V10="","",'Curve Header Data'!V10) -> rpm
A10: =IF('Curve Header Data'!A11="","",'Curve Header Data'!A11) | B10: =IF('Curve Header Data'!C11="","",'Curve Header Data'!C11) | C10: =IF('Curve Header Data'!D11="","",'Curve Header Data'!D11) | D10: =IF('Curve Header Data'!E11="","",'Curve Header Data'!E11) | E10: =IF('Curve Header Data'!B11="","",'Curve Header Data'!B11) | F10: =IF('Curve Header Data'!K11="","",'Curve Header Data'!K11*$E$2) | G10: =IF('Curve Header Data'!L11="","",'Curve Header Data'!L11*$E$2) | H10: =IF('Curve Header Data'!N11="","",'Curve Header Data'!N11) -> 1 | I10: =IF('Curve Header Data'!O11="","",'Curve Header Data'!O11) -> 5 | J10: =IF('Curve Header Data'!M11="","",'Curve Header Data'!M11) -> 63 | K10: =IF('Curve Header Data'!G11="","",'Curve Header Data'!G11) | L10: =IF('Curve Header Data'!H11="","",'Curve Header Data'!H11) | M10: =IF('Curve Header Data'!I11="","",'Curve Header Data'!I11) | N10: =IF('Curve Header Data'!J11="","",'Curve Header Data'!J11*$E$3) | O10: =IF('Curve Header Data'!S11="","",'Curve Header Data'!S11*$J$2) -> 0 | P10: =IF('Curve Header Data'!T11="","",'Curve Header Data'!T11*$J$3) -> 0 | Q10: =IF('Curve Header Data'!U11="","",'Curve Header Data'!U11) | R10: =IF('Curve Header Data'!V11="","",'Curve Header Data'!V11) -> 0 | S10: =IF('Curve Header Data'!W11="","",'Curve Header Data'!W11)
A11: =IF('Curve Header Data'!A12="","",'Curve Header Data'!A12) | B11: =IF('Curve Header Data'!C12="","",'Curve Header Data'!C12) | C11: =IF('Curve Header Data'!D12="","",'Curve Header Data'!D12) | D11: =IF('Curve Header Data'!E12="","",'Curve Header Data'!E12) | E11: =IF('Curve Header Data'!B12="","",'Curve Header Data'!B12) | F11: =IF('Curve Header Data'!K12="","",'Curve Header Data'!K12*$E$2) | G11: =IF('Curve Header Data'!L12="","",'Curve Header Data'!L12*$E$2) | H11: =IF('Curve Header Data'!N12="","",'Curve Header Data'!N12) -> 1 | I11: =IF('Curve Header Data'!O12="","",'Curve Header Data'!O12) -> 5 | J11: =IF('Curve Header Data'!M12="","",'Curve Header Data'!M12) | K11: =IF('Curve Header Data'!G12="","",'Curve Header Data'!G12) | L11: =IF('Curve Header Data'!H12="","",'Curve Header Data'!H12) | M11: =IF('Curve Header Data'!I12="","",'Curve Header Data'!I12) | N11: =IF('Curve Header Data'!J12="","",'Curve Header Data'!J12*$E$3) | O11: =IF('Curve Header Data'!S12="","",'Curve Header Data'!S12*$J$2) -> 0 | P11: =IF('Curve Header Data'!T12="","",'Curve Header Data'!T12*$J$3) -> 0 | Q11: =IF('Curve Header Data'!U12="","",'Curve Header Data'!U12) | R11: =IF('Curve Header Data'!V12="","",'Curve Header Data'!V12) -> 0 | S11: =IF('Curve Header Data'!W12="","",'Curve Header Data'!W12)
A12: =IF('Curve Header Data'!A13="","",'Curve Header Data'!A13) | B12: =IF('Curve Header Data'!C13="","",'Curve Header Data'!C13) | C12: =IF('Curve Header Data'!D13="","",'Curve Header Data'!D13) | D12: =IF('Curve Header Data'!E13="","",'Curve Header Data'!E13) | E12: =IF('Curve Header Data'!B13="","",'Curve Header Data'!B13) | F12: =IF('Curve Header Data'!K13="","",'Curve Header Data'!K13*$E$2) | G12: =IF('Curve Header Data'!L13="","",'Curve Header Data'!L13*$E$2) | H12: =IF('Curve Header Data'!N13="","",'Curve Header Data'!N13) -> 1 | I12: =IF('Curve Header Data'!O13="","",'Curve Header Data'!O13) -> 5 | J12: =IF('Curve Header Data'!M13="","",'Curve Header Data'!M13) | K12: =IF('Curve Header Data'!G13="","",'Curve Header Data'!G13) | L12: =IF('Curve Header Data'!H13="","",'Curve Header Data'!H13) | M12: =IF('Curve Header Data'!I13="","",'Curve Header Data'!I13) | N12: =IF('Curve Header Data'!J13="","",'Curve Header Data'!J13*$E$3) | O12: =IF('Curve Header Data'!S13="","",'Curve Header Data'!S13*$J$2) -> 0 | P12: =IF('Curve Header Data'!T13="","",'Curve Header Data'!T13*$J$3) -> 0 | Q12: =IF('Curve Header Data'!U13="","",'Curve Header Data'!U13) | R12: =IF('Curve Header Data'!V13="","",'Curve Header Data'!V13) -> 0 | S12: =IF('Curve Header Data'!W13="","",'Curve Header Data'!W13)
A13: =IF('Curve Header Data'!A14="","",'Curve Header Data'!A14) | B13: =IF('Curve Header Data'!C14="","",'Curve Header Data'!C14) | C13: =IF('Curve Header Data'!D14="","",'Curve Header Data'!D14) | D13: =IF('Curve Header Data'!E14="","",'Curve Header Data'!E14) | E13: =IF('Curve Header Data'!B14="","",'Curve Header Data'!B14) | F13: =IF('Curve Header Data'!K14="","",'Curve Header Data'!K14*$E$2) | G13: =IF('Curve Header Data'!L14="","",'Curve Header Data'!L14*$E$2) | H13: =IF('Curve Header Data'!N14="","",'Curve Header Data'!N14) -> 1 | I13: =IF('Curve Header Data'!O14="","",'Curve Header Data'!O14) -> 5 | J13: =IF('Curve Header Data'!M14="","",'Curve Header Data'!M14) | K13: =IF('Curve Header Data'!G14="","",'Curve Header Data'!G14) | L13: =IF('Curve Header Data'!H14="","",'Curve Header Data'!H14) | M13: =IF('Curve Header Data'!I14="","",'Curve Header Data'!I14) | N13: =IF('Curve Header Data'!J14="","",'Curve Header Data'!J14*$E$3) | O13: =IF('Curve Header Data'!S14="","",'Curve Header Data'!S14*$J$2) -> 0 | P13: =IF('Curve Header Data'!T14="","",'Curve Header Data'!T14*$J$3) -> 0 | Q13: =IF('Curve Header Data'!U14="","",'Curve Header Data'!U14) | R13: =IF('Curve Header Data'!V14="","",'Curve Header Data'!V14) -> 0 | S13: =IF('Curve Header Data'!W14="","",'Curve Header Data'!W14)
A14: =IF('Curve Header Data'!A15="","",'Curve Header Data'!A15) | B14: =IF('Curve Header Data'!C15="","",'Curve Header Data'!C15) | C14: =IF('Curve Header Data'!D15="","",'Curve Header Data'!D15) | D14: =IF('Curve Header Data'!E15="","",'Curve Header Data'!E15) | E14: =IF('Curve Header Data'!B15="","",'Curve Header Data'!B15) | F14: =IF('Curve Header Data'!K15="","",'Curve Header Data'!K15*$E$2) | G14: =IF('Curve Header Data'!L15="","",'Curve Header Data'!L15*$E$2) | H14: =IF('Curve Header Data'!N15="","",'Curve Header Data'!N15) -> 1 | I14: =IF('Curve Header Data'!O15="","",'Curve Header Data'!O15) -> 5 | J14: =IF('Curve Header Data'!M15="","",'Curve Header Data'!M15) | K14: =IF('Curve Header Data'!G15="","",'Curve Header Data'!G15) | L14: =IF('Curve Header Data'!H15="","",'Curve Header Data'!H15) | M14: =IF('Curve Header Data'!I15="","",'Curve Header Data'!I15) | N14: =IF('Curve Header Data'!J15="","",'Curve Header Data'!J15*$E$3) | O14: =IF('Curve Header Data'!S15="","",'Curve Header Data'!S15*$J$2) -> 0 | P14: =IF('Curve Header Data'!T15="","",'Curve Header Data'!T15*$J$3) -> 0 | Q14: =IF('Curve Header Data'!U15="","",'Curve Header Data'!U15) | R14: =IF('Curve Header Data'!V15="","",'Curve Header Data'!V15) -> 0 | S14: =IF('Curve Header Data'!W15="","",'Curve Header Data'!W15)
A15: =IF('Curve Header Data'!A16="","",'Curve Header Data'!A16) | B15: =IF('Curve Header Data'!C16="","",'Curve Header Data'!C16) | C15: =IF('Curve Header Data'!D16="","",'Curve Header Data'!D16) | D15: =IF('Curve Header Data'!E16="","",'Curve Header Data'!E16) | E15: =IF('Curve Header Data'!B16="","",'Curve Header Data'!B16) | F15: =IF('Curve Header Data'!K16="","",'Curve Header Data'!K16*$E$2) | G15: =IF('Curve Header Data'!L16="","",'Curve Header Data'!L16*$E$2) | H15: =IF('Curve Header Data'!N16="","",'Curve Header Data'!N16) -> 1 | I15: =IF('Curve Header Data'!O16="","",'Curve Header Data'!O16) -> 5 | J15: =IF('Curve Header Data'!M16="","",'Curve Header Data'!M16) | K15: =IF('Curve Header Data'!G16="","",'Curve Header Data'!G16) | L15: =IF('Curve Header Data'!H16="","",'Curve Header Data'!H16) | M15: =IF('Curve Header Data'!I16="","",'Curve Header Data'!I16) | N15: =IF('Curve Header Data'!J16="","",'Curve Header Data'!J16*$E$3) | O15: =IF('Curve Header Data'!S16="","",'Curve Header Data'!S16*$J$2) -> 0 | P15: =IF('Curve Header Data'!T16="","",'Curve Header Data'!T16*$J$3) -> 0 | Q15: =IF('Curve Header Data'!U16="","",'Curve Header Data'!U16) | R15: =IF('Curve Header Data'!V16="","",'Curve Header Data'!V16) -> 0 | S15: =IF('Curve Header Data'!W16="","",'Curve Header Data'!W16)
A16: =IF('Curve Header Data'!A17="","",'Curve Header Data'!A17) | B16: =IF('Curve Header Data'!C17="","",'Curve Header Data'!C17) | C16: =IF('Curve Header Data'!D17="","",'Curve Header Data'!D17) | D16: =IF('Curve Header Data'!E17="","",'Curve Header Data'!E17) | E16: =IF('Curve Header Data'!B17="","",'Curve Header Data'!B17) | F16: =IF('Curve Header Data'!K17="","",'Curve Header Data'!K17*$E$2) | G16: =IF('Curve Header Data'!L17="","",'Curve Header Data'!L17*$E$2) | H16: =IF('Curve Header Data'!N17="","",'Curve Header Data'!N17) -> 1 | I16: =IF('Curve Header Data'!O17="","",'Curve Header Data'!O17) -> 5 | J16: =IF('Curve Header Data'!M17="","",'Curve Header Data'!M17) | K16: =IF('Curve Header Data'!G17="","",'Curve Header Data'!G17) | L16: =IF('Curve Header Data'!H17="","",'Curve Header Data'!H17) | M16: =IF('Curve Header Data'!I17="","",'Curve Header Data'!I17) | N16: =IF('Curve Header Data'!J17="","",'Curve Header Data'!J17*$E$3) | O16: =IF('Curve Header Data'!S17="","",'Curve Header Data'!S17*$J$2) -> 0 | P16: =IF('Curve Header Data'!T17="","",'Curve Header Data'!T17*$J$3) -> 0 | Q16: =IF('Curve Header Data'!U17="","",'Curve Header Data'!U17) | R16: =IF('Curve Header Data'!V17="","",'Curve Header Data'!V17) -> 0 | S16: =IF('Curve Header Data'!W17="","",'Curve Header Data'!W17)
A17: =IF('Curve Header Data'!A18="","",'Curve Header Data'!A18) | B17: =IF('Curve Header Data'!C18="","",'Curve Header Data'!C18) | C17: =IF('Curve Header Data'!D18="","",'Curve Header Data'!D18) | D17: =IF('Curve Header Data'!E18="","",'Curve Header Data'!E18) | E17: =IF('Curve Header Data'!B18="","",'Curve Header Data'!B18) | F17: =IF('Curve Header Data'!K18="","",'Curve Header Data'!K18*$E$2) | G17: =IF('Curve Header Data'!L18="","",'Curve Header Data'!L18*$E$2) | H17: =IF('Curve Header Data'!N18="","",'Curve Header Data'!N18) -> 1 | I17: =IF('Curve Header Data'!O18="","",'Curve Header Data'!O18) -> 5 | J17: =IF('Curve Header Data'!M18="","",'Curve Header Data'!M18) | K17: =IF('Curve Header Data'!G18="","",'Curve Header Data'!G18) | L17: =IF('Curve Header Data'!H18="","",'Curve Header Data'!H18) | M17: =IF('Curve Header Data'!I18="","",'Curve Header Data'!I18) | N17: =IF('Curve Header Data'!J18="","",'Curve Header Data'!J18*$E$3) | O17: =IF('Curve Header Data'!S18="","",'Curve Header Data'!S18*$J$2) -> 0 | P17: =IF('Curve Header Data'!T18="","",'Curve Header Data'!T18*$J$3) -> 0 | Q17: =IF('Curve Header Data'!U18="","",'Curve Header Data'!U18) | R17: =IF('Curve Header Data'!V18="","",'Curve Header Data'!V18) -> 0 | S17: =IF('Curve Header Data'!W18="","",'Curve Header Data'!W18)
A18: =IF('Curve Header Data'!A19="","",'Curve Header Data'!A19) | B18: =IF('Curve Header Data'!C19="","",'Curve Header Data'!C19) | C18: =IF('Curve Header Data'!D19="","",'Curve Header Data'!D19) | D18: =IF('Curve Header Data'!E19="","",'Curve Header Data'!E19) | E18: =IF('Curve Header Data'!B19="","",'Curve Header Data'!B19) | F18: =IF('Curve Header Data'!K19="","",'Curve Header Data'!K19*$E$2) | G18: =IF('Curve Header Data'!L19="","",'Curve Header Data'!L19*$E$2) | H18: =IF('Curve Header Data'!N19="","",'Curve Header Data'!N19) -> 1 | I18: =IF('Curve Header Data'!O19="","",'Curve Header Data'!O19) -> 5 | J18: =IF('Curve Header Data'!M19="","",'Curve Header Data'!M19) | K18: =IF('Curve Header Data'!G19="","",'Curve Header Data'!G19) | L18: =IF('Curve Header Data'!H19="","",'Curve Header Data'!H19) | M18: =IF('Curve Header Data'!I19="","",'Curve Header Data'!I19) | N18: =IF('Curve Header Data'!J19="","",'Curve Header Data'!J19*$E$3) | O18: =IF('Curve Header Data'!S19="","",'Curve Header Data'!S19*$J$2) -> 0 | P18: =IF('Curve Header Data'!T19="","",'Curve Header Data'!T19*$J$3) -> 0 | Q18: =IF('Curve Header Data'!U19="","",'Curve Header Data'!U19) | R18: =IF('Curve Header Data'!V19="","",'Curve Header Data'!V19) -> 0 | S18: =IF('Curve Header Data'!W19="","",'Curve Header Data'!W19)
A19: =IF('Curve Header Data'!A20="","",'Curve Header Data'!A20) | B19: =IF('Curve Header Data'!C20="","",'Curve Header Data'!C20) | C19: =IF('Curve Header Data'!D20="","",'Curve Header Data'!D20) | D19: =IF('Curve Header Data'!E20="","",'Curve Header Data'!E20) | E19: =IF('Curve Header Data'!B20="","",'Curve Header Data'!B20) | F19: =IF('Curve Header Data'!K20="","",'Curve Header Data'!K20*$E$2) | G19: =IF('Curve Header Data'!L20="","",'Curve Header Data'!L20*$E$2) | H19: =IF('Curve Header Data'!N20="","",'Curve Header Data'!N20) -> 1 | I19: =IF('Curve Header Data'!O20="","",'Curve Header Data'!O20) -> 5 | J19: =IF('Curve Header Data'!M20="","",'Curve Header Data'!M20) | K19: =IF('Curve Header Data'!G20="","",'Curve Header Data'!G20) | L19: =IF('Curve Header Data'!H20="","",'Curve Header Data'!H20) | M19: =IF('Curve Header Data'!I20="","",'Curve Header Data'!I20) | N19: =IF('Curve Header Data'!J20="","",'Curve Header Data'!J20*$E$3) | O19: =IF('Curve Header Data'!S20="","",'Curve Header Data'!S20*$J$2) -> 0 | P19: =IF('Curve Header Data'!T20="","",'Curve Header Data'!T20*$J$3) -> 0 | Q19: =IF('Curve Header Data'!U20="","",'Curve Header Data'!U20) | R19: =IF('Curve Header Data'!V20="","",'Curve Header Data'!V20) -> 0 | S19: =IF('Curve Header Data'!W20="","",'Curve Header Data'!W20)
A20: =IF('Curve Header Data'!A21="","",'Curve Header Data'!A21) | B20: =IF('Curve Header Data'!C21="","",'Curve Header Data'!C21) | C20: =IF('Curve Header Data'!D21="","",'Curve Header Data'!D21) | D20: =IF('Curve Header Data'!E21="","",'Curve Header Data'!E21) | E20: =IF('Curve Header Data'!B21="","",'Curve Header Data'!B21) | F20: =IF('Curve Header Data'!K21="","",'Curve Header Data'!K21*$E$2) | G20: =IF('Curve Header Data'!L21="","",'Curve Header Data'!L21*$E$2) | H20: =IF('Curve Header Data'!N21="","",'Curve Header Data'!N21) -> 1 | I20: =IF('Curve Header Data'!O21="","",'Curve Header Data'!O21) -> 5 | J20: =IF('Curve Header Data'!M21="","",'Curve Header Data'!M21) | K20: =IF('Curve Header Data'!G21="","",'Curve Header Data'!G21) | L20: =IF('Curve Header Data'!H21="","",'Curve Header Data'!H21) | M20: =IF('Curve Header Data'!I21="","",'Curve Header Data'!I21) | N20: =IF('Curve Header Data'!J21="","",'Curve Header Data'!J21*$E$3) | O20: =IF('Curve Header Data'!S21="","",'Curve Header Data'!S21*$J$2) -> 0 | P20: =IF('Curve Header Data'!T21="","",'Curve Header Data'!T21*$J$3) -> 0 | Q20: =IF('Curve Header Data'!U21="","",'Curve Header Data'!U21) | R20: =IF('Curve Header Data'!V21="","",'Curve Header Data'!V21) -> 0 | S20: =IF('Curve Header Data'!W21="","",'Curve Header Data'!W21)
A21: =IF('Curve Header Data'!A22="","",'Curve Header Data'!A22) | B21: =IF('Curve Header Data'!C22="","",'Curve Header Data'!C22) | C21: =IF('Curve Header Data'!D22="","",'Curve Header Data'!D22) | D21: =IF('Curve Header Data'!E22="","",'Curve Header Data'!E22) | E21: =IF('Curve Header Data'!B22="","",'Curve Header Data'!B22) | F21: =IF('Curve Header Data'!K22="","",'Curve Header Data'!K22*$E$2) | G21: =IF('Curve Header Data'!L22="","",'Curve Header Data'!L22*$E$2) | H21: =IF('Curve Header Data'!N22="","",'Curve Header Data'!N22) -> 1 | I21: =IF('Curve Header Data'!O22="","",'Curve Header Data'!O22) -> 5 | J21: =IF('Curve Header Data'!M22="","",'Curve Header Data'!M22) | K21: =IF('Curve Header Data'!G22="","",'Curve Header Data'!G22) | L21: =IF('Curve Header Data'!H22="","",'Curve Header Data'!H22) | M21: =IF('Curve Header Data'!I22="","",'Curve Header Data'!I22) | N21: =IF('Curve Header Data'!J22="","",'Curve Header Data'!J22*$E$3) | O21: =IF('Curve Header Data'!S22="","",'Curve Header Data'!S22*$J$2) -> 0 | P21: =IF('Curve Header Data'!T22="","",'Curve Header Data'!T22*$J$3) -> 0 | Q21: =IF('Curve Header Data'!U22="","",'Curve Header Data'!U22) | R21: =IF('Curve Header Data'!V22="","",'Curve Header Data'!V22) -> 0 | S21: =IF('Curve Header Data'!W22="","",'Curve Header Data'!W22)
... A307: =IF('Curve Header Data'!A308="","",'Curve Header Data'!A308) | B307: =IF('Curve Header Data'!C308="","",'Curve Header Data'!C308) | C307: =IF('Curve Header Data'!D308="","",'Curve Header Data'!D308) | D307: =IF('Curve Header Data'!E308="","",'Curve Header Data'!E308) | E307: =IF('Curve Header Data'!B308="","",'Curve Header Data'!B308) | F307: =IF('Curve Header Data'!K308="","",'Curve Header Data'!K308*$E$2) | G307: =IF('Curve Header Data'!L308="","",'Curve Header Data'!L308*$E$2) | H307: =IF('Curve Header Data'!N308="","",'Curve Header Data'!N308) -> 1 | I307: =IF('Curve Header Data'!O308="","",'Curve Header Data'!O308) -> 5 | J307: =IF('Curve Header Data'!M308="","",'Curve Header Data'!M308) -> 298 | K307: =IF('Curve Header Data'!G308="","",'Curve Header Data'!G308) | L307: =IF('Curve Header Data'!H308="","",'Curve Header Data'!H308) | M307: =IF('Curve Header Data'!I308="","",'Curve Header Data'!I308) | N307: =IF('Curve Header Data'!J308="","",'Curve Header Data'!J308*$E$3) | O307: =IF('Curve Header Data'!S308="","",'Curve Header Data'!S308*$J$2) | P307: =IF('Curve Header Data'!T308="","",'Curve Header Data'!T308*$J$3) | Q307: =IF('Curve Header Data'!U308="","",'Curve Header Data'!U308) | R307: =IF('Curve Header Data'!V308="","",'Curve Header Data'!V308) | S307: =IF('Curve Header Data'!W308="","",'Curve Header Data'!W308)

Sheet Curve Header Data
A1: Flow: | B1: USgpm | C1: <-- Select your units first.
A2: Head | B2: ft
A3: Power | B3: hp
A4: Diameter: | B4: inch
A7: Curve family: | B7: VT
A9: Curve number | B9: Revision number | C9: Speed, data | D9: Poles | E9: Hz | G9: Speed, nominal | H9: Speed, Min | I9: Speed, max | J9: Diameter increment | K9: MCSF @ min impeller diameter | L9: MCSF @ max impeller diameter | N9: Number of impeller eyes | O9: Nss Increment | P9: Final diameter value strategy | Q9: Display shroud and hub dia | S9: Head margin for fixed diameter | T9: Fixed motor power | U9: Fixed motor service factor | V9: Variable speed min limit | W9: ISO efficiency values
C10: rpm | E10: Hz | G10: rpm | H10: rpm | I10: rpm | J10: =B4 -> inch | K10: =B1 -> USgpm | L10: =B1 -> USgpm | S10: =B2 -> ft | T10: =B3 -> hp | V10: rpm
M11: 63 | N11: 1 | O11: 5 | P11: Round up | Q11: FALSE | S11: 0 | T11: 0 | V11: 0
N12: 1 | O12: 5 | P12: Round up | Q12: FALSE | S12: 0 | T12: 0 | V12: 0
N13: 1 | O13: 5 | P13: Round up | Q13: FALSE | S13: 0 | T13: 0 | V13: 0
N14: 1 | O14: 5 | P14: Round up | Q14: FALSE | S14: 0 | T14: 0 | V14: 0
N15: 1 | O15: 5 | P15: Round up | Q15: FALSE | S15: 0 | T15: 0 | V15: 0
N16: 1 | O16: 5 | P16: Round up | Q16: FALSE | S16: 0 | T16: 0 | V16: 0
N17: 1 | O17: 5 | P17: Round up | Q17: FALSE | S17: 0 | T17: 0 | V17: 0
N18: 1 | O18: 5 | P18: Round up | Q18: FALSE | S18: 0 | T18: 0 | V18: 0
N19: 1 | O19: 5 | P19: Round up | Q19: FALSE | S19: 0 | T19: 0 | V19: 0
N20: 1 | O20: 5 | P20: Round up | Q20: FALSE | S20: 0 | T20: 0 | V20: 0
N21: 1 | O21: 5 | P21: Round up | Q21: FALSE | S21: 0 | T21: 0 | V21: 0
N22: 1 | O22: 5 | P22: Round up | Q22: FALSE | S22: 0 | T22: 0 | V22: 0
N23: 1 | O23: 5 | P23: Round up | Q23: FALSE | S23: 0 | T23: 0 | V23: 0
... N157: 1 | O157: 5 | P157: Round up | Q157: FALSE | S157: 0 | T157: 0 | V157: 0
M158: 148 | N158: 1 | O158: 5 | P158: Round up | Q158: FALSE
M159: 149 | N159: 1 | O159: 5 | P159: Round up | Q159: FALSE
M160: 150 | N160: 1 | O160: 5 | P160: Round up | Q160: FALSE
M161: 151 | N161: 1 | O161: 5 | P161: Round up | Q161: FALSE
M162: 152 | N162: 1 | O162: 5 | P162: Round up | Q162: FALSE
M163: 153 | N163: 1 | O163: 5 | P163: Round up | Q163: FALSE
M164: 154 | N164: 1 | O164: 5 | P164: Round up | Q164: FALSE
M165: 155 | N165: 1 | O165: 5 | P165: Round up | Q165: FALSE
M166: 156 | N166: 1 | O166: 5 | P166: Round up | Q166: FALSE
M167: 157 | N167: 1 | O167: 5 | P167: Round up | Q167: FALSE
M168: 158 | N168: 1 | O168: 5 | P168: Round up | Q168: FALSE
M169: 159 | N169: 1 | O169: 5 | P169: Round up | Q169: FALSE
... M308: 298 | N308: 1 | O308: 5 | P308: Round up | Q308: FALSE

Sheet 10MAHC-2624288
A1: Flow: | B1: USgpm | C1: <-- Select your units first. Then define impeller diameters and NPSH start flow, and then populate the curve point data
A2: Head: | B2: ft
A3: Diameter: | B3: inch | D3: To create additional sheets, use the "Move or Copy" menu. Please do not copy and paste cells from one sheet to another.
A4: Power: | B4: hp | D4: Do not drag and drop cells in this workbook!
A5: Pwr or Eta: | B5: Power
E6: Head start flow | H6: Spline for head | K6: Efficiency start flow | L6: Power start flow | M6: BEP flow | N6: BEP efficiency | O6: Spline for Eta/Pwr | R6: NPSH start flow | S6: Shutoff power | V6: Spline for NPSH | Z6: Head start flow | AF6: Efficiency start flow | AG6: Power start flow | AH6: BEP flow | AI6: BEP efficiency | AM6: NPSH start flow | AN6: Shutoff power | AU6: Head start flow | BA6: Efficiency start flow | BB6: Power start flow | BC6: BEP flow | BD6: BEP efficiency | BH6: NPSH start flow | BI6: Shutoff power | BP6: Head start flow | BV6: Efficiency start flow | BW6: Power start flow | BX6: BEP flow | BY6: BEP efficiency | CC6: NPSH start flow | CD6: Shutoff power | CK6: Head start flow | CQ6: Efficiency start flow | CR6: Power start flow | CS6: BEP flow | CT6: BEP efficiency | CX6: NPSH start flow | CY6: Shutoff power | DF6: Head start flow | DL6: Efficiency start flow | DM6: Power start flow | DN6: BEP flow | DO6: BEP efficiency | DS6: NPSH start flow | DT6: Shutoff power | EA6: Head start flow | EG6: Efficiency start flow | EH6: Power start flow | EI6: BEP flow | EJ6: BEP efficiency | EN6: NPSH start flow | EO6: Shutoff power | EV6: Head start flow | FB6: Efficiency start flow | FC6: Power start flow | FD6: BEP flow | FE6: BEP efficiency | FI6: NPSH start flow | FJ6: Shutoff power | FQ6: Head start flow | FW6: Efficiency start flow | FX6: Power start flow | FY6: BEP flow | FZ6: BEP efficiency | GD6: NPSH start flow | GE6: Shutoff power | GL6: Head start flow | GR6: Efficiency start flow | GS6: Power start flow | GT6: BEP flow | GU6: BEP efficiency | GY6: NPSH start flow | GZ6: Shutoff power | HG6: Head start flow | HM6: Efficiency start flow | HN6: Power start flow | HO6: BEP flow | HP6: BEP efficiency | HT6: NPSH start flow | HU6: Shutoff power | IB6: Head start flow | IH6: Efficiency start flow | II6: Power start flow | IJ6: BEP flow | IK6: BEP efficiency | IO6: NPSH start flow | IP6: Shutoff power
D7: =A10 -> 0 | E7: 0 | H7: FALSE | K7: 0 | L7: 0 | M7: 0 | N7: 0 | O7: FALSE | R7: 0 | V7: FALSE | Y7: =A11 -> 0 | Z7: 0 | AC7: FALSE | AF7: 0 | AG7: 0 | AH7: 0 | AI7: 0 | AJ7: FALSE | AM7: 0 | AQ7: FALSE | AT7: =A12 -> 0 | AU7: 0 | AX7: FALSE | BA7: 0 | BB7: 0 | BC7: 0 | BD7: 0 | BE7: FALSE | BH7: 0 | BL7: FALSE | BO7: =A13 -> 0 | CJ7: =A14 -> 0 | DE7: =A15 -> 0 | DZ7: =A16 -> 0 | EU7: =A17 -> 0 | FP7: =A18 -> 0 | GK7: =A19 -> 0 | HF7: =A20 -> 0 | IA7: =A21 -> 0
A8: Diameter | B8: Hub side dia. | D8: Flow | E8: Head | F8: Disabled | G8: On Curve | H8: Division Point | I8: Slope Enabled | J8: Slope Value | K8: Flow | L8: =$B$5 -> Power | M8: Disabled | N8: On Curve | O8: Division Point | P8: Slope Enabled | Q8: Slope Value | R8: Flow | S8: NPSH | T8: Disabled | U8: On Curve | V8: Division Point | W8: Slope Enabled | X8: Slope Value | Y8: Flow | Z8: Head | AA8: Disabled | AB8: On Curve | AC8: Division Point | AD8: Slope Enabled | AE8: Slope Value | AF8: Flow | AG8: =$B$5 -> Power | AH8: Disabled | AI8: On Curve | AJ8: Division Point | AK8: Slope Enabled | AL8: Slope Value | AM8: Flow | AN8: NPSH | AO8: Disabled | AP8: On Curve | AQ8: Division Point | AR8: Slope Enabled | AS8: Slope Value | AT8: Flow | AU8: Head | AV8: Disabled | AW8: On Curve | AX8: Division Point | AY8: Slope Enabled | AZ8: Slope Value | BA8: Flow | BB8: =$B$5 -> Power | BC8: Disabled | BD8: On Curve | BE8: Division Point | BF8: Slope Enabled | BG8: Slope Value | BH8: Flow | BI8: NPSH | BJ8: Disabled | BK8: On Curve | BL8: Division Point | BM8: Slope Enabled | BN8: Slope Value | BO8: Flow | BP8: Head | BQ8: Disabled | BR8: On Curve | BS8: Division Point | BT8: Slope Enabled | BU8: Slope Value | BV8: Flow | BW8: =$B$5 -> Power | BX8: Disabled | BY8: On Curve | BZ8: Division Point | CA8: Slope Enabled | CB8: Slope Value | CC8: Flow | CD8: NPSH | CE8: Disabled | CF8: On Curve | CG8: Division Point | CH8: Slope Enabled | CI8: Slope Value | CJ8: Flow | CK8: Head | CL8: Disabled | CM8: On Curve | CN8: Division Point | CO8: Slope Enabled | CP8: Slope Value | CQ8: Flow | CR8: =$B$5 -> Power | CS8: Disabled | CT8: On Curve | CU8: Division Point | CV8: Slope Enabled | CW8: Slope Value | CX8: Flow | CY8: NPSH | CZ8: Disabled | DA8: On Curve | DB8: Division Point | DC8: Slope Enabled | DD8: Slope Value | DE8: Flow | DF8: Head | DG8: Disabled | DH8: On Curve | DI8: Division Point | DJ8: Slope Enabled | DK8: Slope Value | DL8: Flow | DM8: =$B$5 -> Power | DN8: Disabled | DO8: On Curve | DP8: Division Point | DQ8: Slope Enabled | DR8: Slope Value | DS8: Flow | DT8: NPSH | DU8: Disabled | DV8: On Curve | DW8: Division Point | DX8: Slope Enabled | DY8: Slope Value | DZ8: Flow | EA8: Head | EB8: Disabled | EC8: On Curve | ED8: Division Point | EE8: Slope Enabled | EF8: Slope Value | EG8: Flow | EH8: =$B$5 -> Power | EI8: Disabled | EJ8: On Curve | EK8: Division Point | EL8: Slope Enabled | EM8: Slope Value | EN8: Flow | EO8: NPSH | EP8: Disabled | EQ8: On Curve | ER8: Division Point | ES8: Slope Enabled | ET8: Slope Value | EU8: Flow | EV8: Head | EW8: Disabled | EX8: On Curve | EY8: Division Point | EZ8: Slope Enabled | FA8: Slope Value | FB8: Flow | FC8: =$B$5 -> Power | FD8: Disabled | FE8: On Curve | FF8: Division Point | FG8: Slope Enabled | FH8: Slope Value | FI8: Flow | FJ8: NPSH | FK8: Disabled | FL8: On Curve | FM8: Division Point | FN8: Slope Enabled | FO8: Slope Value | FP8: Flow | FQ8: Head | FR8: Disabled | FS8: On Curve | FT8: Division Point | FU8: Slope Enabled | FV8: Slope Value | FW8: Flow | FX8: =$B$5 -> Power | FY8: Disabled | FZ8: On Curve | GA8: Division Point | GB8: Slope Enabled | GC8: Slope Value | GD8: Flow | GE8: NPSH | GF8: Disabled | GG8: On Curve | GH8: Division Point | GI8: Slope Enabled | GJ8: Slope Value | GK8: Flow | GL8: Head | GM8: Disabled | GN8: On Curve | GO8: Division Point | GP8: Slope Enabled | GQ8: Slope Value | GR8: Flow | GS8: =$B$5 -> Power | GT8: Disabled | GU8: On Curve | GV8: Division Point | GW8: Slope Enabled | GX8: Slope Value | GY8: Flow | GZ8: NPSH | HA8: Disabled | HB8: On Curve | HC8: Division Point | HD8: Slope Enabled | HE8: Slope Value | HF8: Flow | HG8: Head | HH8: Disabled | HI8: On Curve | HJ8: Division Point | HK8: Slope Enabled | HL8: Slope Value | HM8: Flow | HN8: =$B$5 -> Power | HO8: Disabled | HP8: On Curve | HQ8: Division Point | HR8: Slope Enabled | HS8: Slope Value | HT8: Flow | HU8: NPSH | HV8: Disabled | HW8: On Curve | HX8: Division Point | HY8: Slope Enabled | HZ8: Slope Value | IA8: Flow | IB8: Head | IC8: Disabled | ID8: On Curve | IE8: Division Point | IF8: Slope Enabled | IG8: Slope Value | IH8: Flow | II8: =$B$5 -> Power | IJ8: Disabled | IK8: On Curve | IL8: Division Point | IM8: Slope Enabled | IN8: Slope Value | IO8: Flow | IP8: NPSH | IQ8: Disabled | IR8: On Curve | IS8: Division Point | IT8: Slope Enabled | IU8: Slope Value
A9: =B3 -> inch | B9: =B3 -> inch | D9: =$B$1 -> USgpm | E9: =$B$2 -> ft | K9: =$B$1 -> USgpm | L9: =IF(L8="Eta","%",$B$4) -> hp | R9: =$B$1 -> USgpm | S9: =$B$2 -> ft | Y9: =$B$1 -> USgpm | Z9: =$B$2 -> ft | AF9: =$B$1 -> USgpm | AG9: =IF(AG8="Eta","%",$B$4) -> hp | AM9: =$B$1 -> USgpm | AN9: =$B$2 -> ft | AT9: =$B$1 -> USgpm | AU9: =$B$2 -> ft | BA9: =$B$1 -> USgpm | BB9: =IF(BB8="Eta","%",$B$4) -> hp | BH9: =$B$1 -> USgpm | BI9: =$B$2 -> ft | BO9: =$B$1 -> USgpm | BP9: =$B$2 -> ft | BV9: =$B$1 -> USgpm | BW9: =IF(BW8="Eta","%",$B$4) -> hp | CC9: =$B$1 -> USgpm | CD9: =$B$2 -> ft | CJ9: =$B$1 -> USgpm | CK9: =$B$2 -> ft | CQ9: =$B$1 -> USgpm | CR9: =IF(CR8="Eta","%",$B$4) -> hp | CX9: =$B$1 -> USgpm | CY9: =$B$2 -> ft | DE9: =$B$1 -> USgpm | DF9: =$B$2 -> ft | DL9: =$B$1 -> USgpm | DM9: =IF(DM8="Eta","%",$B$4) -> hp | DS9: =$B$1 -> USgpm | DT9: =$B$2 -> ft | DZ9: =$B$1 -> USgpm | EA9: =$B$2 -> ft | EG9: =$B$1 -> USgpm | EH9: =IF(EH8="Eta","%",$B$4) -> hp | EN9: =$B$1 -> USgpm | EO9: =$B$2 -> ft | EU9: =$B$1 -> USgpm | EV9: =$B$2 -> ft | FB9: =$B$1 -> USgpm | FC9: =IF(FC8="Eta","%",$B$4) -> hp | FI9: =$B$1 -> USgpm | FJ9: =$B$2 -> ft | FP9: =$B$1 -> USgpm | FQ9: =$B$2 -> ft | FW9: =$B$1 -> USgpm | FX9: =IF(FX8="Eta","%",$B$4) -> hp | GD9: =$B$1 -> USgpm | GE9: =$B$2 -> ft | GK9: =$B$1 -> USgpm | GL9: =$B$2 -> ft | GR9: =$B$1 -> USgpm | GS9: =IF(GS8="Eta","%",$B$4) -> hp | GY9: =$B$1 -> USgpm | GZ9: =$B$2 -> ft | HF9: =$B$1 -> USgpm | HG9: =$B$2 -> ft | HM9: =$B$1 -> USgpm | HN9: =IF(HN8="Eta","%",$B$4) -> hp | HT9: =$B$1 -> USgpm | HU9: =$B$2 -> ft | IA9: =$B$1 -> USgpm | IB9: =$B$2 -> ft | IH9: =$B$1 -> USgpm | II9: =IF(II8="Eta","%",$B$4) -> hp | IO9: =$B$1 -> USgpm | IP9: =$B$2 -> ft
C10: 1 | F10: FALSE | G10: FALSE | H10: FALSE | I10: FALSE | M10: FALSE | N10: FALSE | O10: FALSE | P10: FALSE | T10: FALSE | U10: FALSE | V10: FALSE | W10: FALSE | AA10: FALSE | AB10: FALSE | AC10: FALSE | AD10: FALSE | AH10: FALSE | AI10: FALSE | AJ10: FALSE | AK10: FALSE | AO10: FALSE | AP10: FALSE | AQ10: FALSE | AR10: FALSE | AV10: FALSE | AW10: FALSE | AX10: FALSE | AY10: FALSE | BC10: FALSE | BD10: FALSE | BE10: FALSE | BF10: FALSE | BJ10: FALSE | BK10: FALSE | BL10: FALSE | BM10: FALSE | BQ10: FALSE | BR10: FALSE | BS10: FALSE | BT10: FALSE | BX10: FALSE | BY10: FALSE | BZ10: FALSE | CA10: FALSE | CE10: FALSE | CF10: FALSE | CG10: FALSE | CH10: FALSE | CL10: FALSE | CM10: FALSE | CN10: FALSE | CO10: FALSE | CS10: FALSE | CT10: FALSE | CU10: FALSE | CV10: FALSE | CZ10: FALSE | DA10: FALSE | DB10: FALSE | DC10: FALSE | DG10: FALSE | DH10: FALSE | DI10: FALSE | DJ10: FALSE | DN10: FALSE | DO10: FALSE | DP10: FALSE | DQ10: FALSE | DU10: FALSE | DV10: FALSE | DW10: FALSE | DX10: FALSE | EB10: FALSE | EC10: FALSE | ED10: FALSE | EE10: FALSE | EI10: FALSE | EJ10: FALSE | EK10: FALSE | EL10: FALSE | EP10: FALSE | EQ10: FALSE | ER10: FALSE | ES10: FALSE | EW10: FALSE | EX10: FALSE | EY10: FALSE | EZ10: FALSE | FD10: FALSE | FE10: FALSE | FF10: FALSE | FG10: FALSE | FK10: FALSE | FL10: FALSE | FM10: FALSE | FN10: FALSE | FR10: FALSE | FS10: FALSE | FT10: FALSE | FU10: FALSE | FY10: FALSE | FZ10: FALSE | GA10: FALSE | GB10: FALSE | GF10: FALSE | GG10: FALSE | GH10: FALSE | GI10: FALSE | GM10: FALSE | GN10: FALSE | GO10: FALSE | GP10: FALSE | GT10: FALSE | GU10: FALSE | GV10: FALSE | GW10: FALSE | HA10: FALSE | HB10: FALSE | HC10: FALSE | HD10: FALSE | HH10: FALSE | HI10: FALSE | HJ10: FALSE | HK10: FALSE | HO10: FALSE | HP10: FALSE | HQ10: FALSE | HR10: FALSE | HV10: FALSE | HW10: FALSE | HX10: FALSE | HY10: FALSE | IC10: FALSE | ID10: FALSE | IE10: FALSE | IF10: FALSE | IJ10: FALSE | IK10: FALSE | IL10: FALSE | IM10: FALSE | IQ10: FALSE | IR10: FALSE | IS10: FALSE | IT10: FALSE
C11: 2 | F11: FALSE | G11: FALSE | H11: FALSE | I11: FALSE | M11: FALSE | N11: FALSE | O11: FALSE | P11: FALSE | T11: FALSE | U11: FALSE | V11: FALSE | W11: FALSE | AA11: FALSE | AB11: FALSE | AC11: FALSE | AD11: FALSE | AH11: FALSE | AI11: FALSE | AJ11: FALSE | AK11: FALSE | AO11: FALSE | AP11: FALSE | AQ11: FALSE | AR11: FALSE | AV11: FALSE | AW11: FALSE | AX11: FALSE | AY11: FALSE | BC11: FALSE | BD11: FALSE | BE11: FALSE | BF11: FALSE | BJ11: FALSE | BK11: FALSE | BL11: FALSE | BM11: FALSE | BQ11: FALSE | BR11: FALSE | BS11: FALSE | BT11: FALSE | BX11: FALSE | BY11: FALSE | BZ11: FALSE | CA11: FALSE | CE11: FALSE | CF11: FALSE | CG11: FALSE | CH11: FALSE | CL11: FALSE | CM11: FALSE | CN11: FALSE | CO11: FALSE | CS11: FALSE | CT11: FALSE | CU11: FALSE | CV11: FALSE | CZ11: FALSE | DA11: FALSE | DB11: FALSE | DC11: FALSE | DG11: FALSE | DH11: FALSE | DI11: FALSE | DJ11: FALSE | DN11: FALSE | DO11: FALSE | DP11: FALSE | DQ11: FALSE | DU11: FALSE | DV11: FALSE | DW11: FALSE | DX11: FALSE | EB11: FALSE | EC11: FALSE | ED11: FALSE | EE11: FALSE | EI11: FALSE | EJ11: FALSE | EK11: FALSE | EL11: FALSE | EP11: FALSE | EQ11: FALSE | ER11: FALSE | ES11: FALSE | EW11: FALSE | EX11: FALSE | EY11: FALSE | EZ11: FALSE | FD11: FALSE | FE11: FALSE | FF11: FALSE | FG11: FALSE | FK11: FALSE | FL11: FALSE | FM11: FALSE | FN11: FALSE | FR11: FALSE | FS11: FALSE | FT11: FALSE | FU11: FALSE | FY11: FALSE | FZ11: FALSE | GA11: FALSE | GB11: FALSE | GF11: FALSE | GG11: FALSE | GH11: FALSE | GI11: FALSE | GM11: FALSE | GN11: FALSE | GO11: FALSE | GP11: FALSE | GT11: FALSE | GU11: FALSE | GV11: FALSE | GW11: FALSE | HA11: FALSE | HB11: FALSE | HC11: FALSE | HD11: FALSE | HH11: FALSE | HI11: FALSE | HJ11: FALSE | HK11: FALSE | HO11: FALSE | HP11: FALSE | HQ11: FALSE | HR11: FALSE | HV11: FALSE | HW11: FALSE | HX11: FALSE | HY11: FALSE | IC11: FALSE | ID11: FALSE | IE11: FALSE | IF11: FALSE | IJ11: FALSE | IK11: FALSE | IL11: FALSE | IM11: FALSE | IQ11: FALSE | IR11: FALSE | IS11: FALSE | IT11: FALSE
C12: 3 | F12: FALSE | G12: FALSE | H12: FALSE | I12: FALSE | M12: FALSE | N12: FALSE | O12: FALSE | P12: FALSE | T12: FALSE | U12: FALSE | V12: FALSE | W12: FALSE | AA12: FALSE | AB12: FALSE | AC12: FALSE | AD12: FALSE | AH12: FALSE | AI12: FALSE | AJ12: FALSE | AK12: FALSE | AO12: FALSE | AP12: FALSE | AQ12: FALSE | AR12: FALSE | AV12: FALSE | AW12: FALSE | AX12: FALSE | AY12: FALSE | BC12: FALSE | BD12: FALSE | BE12: FALSE | BF12: FALSE | BJ12: FALSE | BK12: FALSE | BL12: FALSE | BM12: FALSE | BQ12: FALSE | BR12: FALSE | BS12: FALSE | BT12: FALSE | BX12: FALSE | BY12: FALSE | BZ12: FALSE | CA12: FALSE | CE12: FALSE | CF12: FALSE | CG12: FALSE | CH12: FALSE | CL12: FALSE | CM12: FALSE | CN12: FALSE | CO12: FALSE | CS12: FALSE | CT12: FALSE | CU12: FALSE | CV12: FALSE | CZ12: FALSE | DA12: FALSE | DB12: FALSE | DC12: FALSE | DG12: FALSE | DH12: FALSE | DI12: FALSE | DJ12: FALSE | DN12: FALSE | DO12: FALSE | DP12: FALSE | DQ12: FALSE | DU12: FALSE | DV12: FALSE | DW12: FALSE | DX12: FALSE | EB12: FALSE | EC12: FALSE | ED12: FALSE | EE12: FALSE | EI12: FALSE | EJ12: FALSE | EK12: FALSE | EL12: FALSE | EP12: FALSE | EQ12: FALSE | ER12: FALSE | ES12: FALSE | EW12: FALSE | EX12: FALSE | EY12: FALSE | EZ12: FALSE | FD12: FALSE | FE12: FALSE | FF12: FALSE | FG12: FALSE | FK12: FALSE | FL12: FALSE | FM12: FALSE | FN12: FALSE | FR12: FALSE | FS12: FALSE | FT12: FALSE | FU12: FALSE | FY12: FALSE | FZ12: FALSE | GA12: FALSE | GB12: FALSE | GF12: FALSE | GG12: FALSE | GH12: FALSE | GI12: FALSE | GM12: FALSE | GN12: FALSE | GO12: FALSE | GP12: FALSE | GT12: FALSE | GU12: FALSE | GV12: FALSE | GW12: FALSE | HA12: FALSE | HB12: FALSE | HC12: FALSE | HD12: FALSE | HH12: FALSE | HI12: FALSE | HJ12: FALSE | HK12: FALSE | HO12: FALSE | HP12: FALSE | HQ12: FALSE | HR12: FALSE | HV12: FALSE | HW12: FALSE | HX12: FALSE | HY12: FALSE | IC12: FALSE | ID12: FALSE | IE12: FALSE | IF12: FALSE | IJ12: FALSE | IK12: FALSE | IL12: FALSE | IM12: FALSE | IQ12: FALSE | IR12: FALSE | IS12: FALSE | IT12: FALSE
C13: 4 | F13: FALSE | G13: FALSE | H13: FALSE | I13: FALSE | M13: FALSE | N13: FALSE | O13: FALSE | P13: FALSE | T13: FALSE | U13: FALSE | V13: FALSE | W13: FALSE | AA13: FALSE | AB13: FALSE | AC13: FALSE | AD13: FALSE | AH13: FALSE | AI13: FALSE | AJ13: FALSE | AK13: FALSE | AO13: FALSE | AP13: FALSE | AQ13: FALSE | AR13: FALSE | AV13: FALSE | AW13: FALSE | AX13: FALSE | AY13: FALSE | BC13: FALSE | BD13: FALSE | BE13: FALSE | BF13: FALSE | BJ13: FALSE | BK13: FALSE | BL13: FALSE | BM13: FALSE | BQ13: FALSE | BR13: FALSE | BS13: FALSE | BT13: FALSE | BX13: FALSE | BY13: FALSE | BZ13: FALSE | CA13: FALSE | CE13: FALSE | CF13: FALSE | CG13: FALSE | CH13: FALSE | CL13: FALSE | CM13: FALSE | CN13: FALSE | CO13: FALSE | CS13: FALSE | CT13: FALSE | CU13: FALSE | CV13: FALSE | CZ13: FALSE | DA13: FALSE | DB13: FALSE | DC13: FALSE | DG13: FALSE | DH13: FALSE | DI13: FALSE | DJ13: FALSE | DN13: FALSE | DO13: FALSE | DP13: FALSE | DQ13: FALSE | DU13: FALSE | DV13: FALSE | DW13: FALSE | DX13: FALSE | EB13: FALSE | EC13: FALSE | ED13: FALSE | EE13: FALSE | EI13: FALSE | EJ13: FALSE | EK13: FALSE | EL13: FALSE | EP13: FALSE | EQ13: FALSE | ER13: FALSE | ES13: FALSE | EW13: FALSE | EX13: FALSE | EY13: FALSE | EZ13: FALSE | FD13: FALSE | FE13: FALSE | FF13: FALSE | FG13: FALSE | FK13: FALSE | FL13: FALSE | FM13: FALSE | FN13: FALSE | FR13: FALSE | FS13: FALSE | FT13: FALSE | FU13: FALSE | FY13: FALSE | FZ13: FALSE | GA13: FALSE | GB13: FALSE | GF13: FALSE | GG13: FALSE | GH13: FALSE | GI13: FALSE | GM13: FALSE | GN13: FALSE | GO13: FALSE | GP13: FALSE | GT13: FALSE | GU13: FALSE | GV13: FALSE | GW13: FALSE | HA13: FALSE | HB13: FALSE | HC13: FALSE | HD13: FALSE | HH13: FALSE | HI13: FALSE | HJ13: FALSE | HK13: FALSE | HO13: FALSE | HP13: FALSE | HQ13: FALSE | HR13: FALSE | HV13: FALSE | HW13: FALSE | HX13: FALSE | HY13: FALSE | IC13: FALSE | ID13: FALSE | IE13: FALSE | IF13: FALSE | IJ13: FALSE | IK13: FALSE | IL13: FALSE | IM13: FALSE | IQ13: FALSE | IR13: FALSE | IS13: FALSE | IT13: FALSE
C14: 5 | F14: FALSE | G14: FALSE | H14: FALSE | I14: FALSE | M14: FALSE | N14: FALSE | O14: FALSE | P14: FALSE | T14: FALSE | U14: FALSE | V14: FALSE | W14: FALSE | AA14: FALSE | AB14: FALSE | AC14: FALSE | AD14: FALSE | AH14: FALSE | AI14: FALSE | AJ14: FALSE | AK14: FALSE | AO14: FALSE | AP14: FALSE | AQ14: FALSE | AR14: FALSE | AV14: FALSE | AW14: FALSE | AX14: FALSE | AY14: FALSE | BC14: FALSE | BD14: FALSE | BE14: FALSE | BF14: FALSE | BJ14: FALSE | BK14: FALSE | BL14: FALSE | BM14: FALSE | BQ14: FALSE | BR14: FALSE | BS14: FALSE | BT14: FALSE | BX14: FALSE | BY14: FALSE | BZ14: FALSE | CA14: FALSE | CE14: FALSE | CF14: FALSE | CG14: FALSE | CH14: FALSE | CL14: FALSE | CM14: FALSE | CN14: FALSE | CO14: FALSE | CS14: FALSE | CT14: FALSE | CU14: FALSE | CV14: FALSE | CZ14: FALSE | DA14: FALSE | DB14: FALSE | DC14: FALSE | DG14: FALSE | DH14: FALSE | DI14: FALSE | DJ14: FALSE | DN14: FALSE | DO14: FALSE | DP14: FALSE | DQ14: FALSE | DU14: FALSE | DV14: FALSE | DW14: FALSE | DX14: FALSE | EB14: FALSE | EC14: FALSE | ED14: FALSE | EE14: FALSE | EI14: FALSE | EJ14: FALSE | EK14: FALSE | EL14: FALSE | EP14: FALSE | EQ14: FALSE | ER14: FALSE | ES14: FALSE | EW14: FALSE | EX14: FALSE | EY14: FALSE | EZ14: FALSE | FD14: FALSE | FE14: FALSE | FF14: FALSE | FG14: FALSE | FK14: FALSE | FL14: FALSE | FM14: FALSE | FN14: FALSE | FR14: FALSE | FS14: FALSE | FT14: FALSE | FU14: FALSE | FY14: FALSE | FZ14: FALSE | GA14: FALSE | GB14: FALSE | GF14: FALSE | GG14: FALSE | GH14: FALSE | GI14: FALSE | GM14: FALSE | GN14: FALSE | GO14: FALSE | GP14: FALSE | GT14: FALSE | GU14: FALSE | GV14: FALSE | GW14: FALSE | HA14: FALSE | HB14: FALSE | HC14: FALSE | HD14: FALSE | HH14: FALSE | HI14: FALSE | HJ14: FALSE | HK14: FALSE | HO14: FALSE | HP14: FALSE | HQ14: FALSE | HR14: FALSE | HV14: FALSE | HW14: FALSE | HX14: FALSE | HY14: FALSE | IC14: FALSE | ID14: FALSE | IE14: FALSE | IF14: FALSE | IJ14: FALSE | IK14: FALSE | IL14: FALSE | IM14: FALSE | IQ14: FALSE | IR14: FALSE | IS14: FALSE | IT14: FALSE
C15: 6 | F15: FALSE | G15: FALSE | H15: FALSE | I15: FALSE | M15: FALSE | N15: FALSE | O15: FALSE | P15: FALSE | T15: FALSE | U15: FALSE | V15: FALSE | W15: FALSE | AA15: FALSE | AB15: FALSE | AC15: FALSE | AD15: FALSE | AH15: FALSE | AI15: FALSE | AJ15: FALSE | AK15: FALSE | AO15: FALSE | AP15: FALSE | AQ15: FALSE | AR15: FALSE | AV15: FALSE | AW15: TRUE | AX15: TRUE | AY15: FALSE | BC15: FALSE | BD15: FALSE | BE15: FALSE | BF15: FALSE | BJ15: FALSE | BK15: FALSE | BL15: FALSE | BM15: FALSE | BQ15: FALSE | BR15: FALSE | BS15: FALSE | BT15: FALSE | BX15: FALSE | BY15: FALSE | BZ15: FALSE | CA15: FALSE | CE15: FALSE | CF15: FALSE | CG15: FALSE | CH15: FALSE | CL15: FALSE | CM15: FALSE | CN15: FALSE | CO15: FALSE | CS15: FALSE | CT15: FALSE | CU15: FALSE | CV15: FALSE | CZ15: FALSE | DA15: FALSE | DB15: FALSE | DC15: FALSE | DG15: FALSE | DH15: FALSE | DI15: FALSE | DJ15: FALSE | DN15: FALSE | DO15: FALSE | DP15: FALSE | DQ15: FALSE | DU15: FALSE | DV15: FALSE | DW15: FALSE | DX15: FALSE | EB15: FALSE | EC15: FALSE | ED15: FALSE | EE15: FALSE | EI15: FALSE | EJ15: FALSE | EK15: FALSE | EL15: FALSE | EP15: FALSE | EQ15: FALSE | ER15: FALSE | ES15: FALSE | EW15: FALSE | EX15: FALSE | EY15: FALSE | EZ15: FALSE | FD15: FALSE | FE15: FALSE | FF15: FALSE | FG15: FALSE | FK15: FALSE | FL15: FALSE | FM15: FALSE | FN15: FALSE | FR15: FALSE | FS15: FALSE | FT15: FALSE | FU15: FALSE | FY15: FALSE | FZ15: FALSE | GA15: FALSE | GB15: FALSE | GF15: FALSE | GG15: FALSE | GH15: FALSE | GI15: FALSE | GM15: FALSE | GN15: FALSE | GO15: FALSE | GP15: FALSE | GT15: FALSE | GU15: FALSE | GV15: FALSE | GW15: FALSE | HA15: FALSE | HB15: FALSE | HC15: FALSE | HD15: FALSE | HH15: FALSE | HI15: FALSE | HJ15: FALSE | HK15: FALSE | HO15: FALSE | HP15: FALSE | HQ15: FALSE | HR15: FALSE | HV15: FALSE | HW15: FALSE | HX15: FALSE | HY15: FALSE | IC15: FALSE | ID15: FALSE | IE15: FALSE | IF15: FALSE | IJ15: FALSE | IK15: FALSE | IL15: FALSE | IM15: FALSE | IQ15: FALSE | IR15: FALSE | IS15: FALSE | IT15: FALSE
C16: 7 | F16: FALSE | G16: FALSE | H16: FALSE | I16: FALSE | M16: FALSE | N16: FALSE | O16: FALSE | P16: FALSE | T16: FALSE | U16: FALSE | V16: FALSE | W16: FALSE | AA16: FALSE | AB16: FALSE | AC16: FALSE | AD16: FALSE | AH16: FALSE | AI16: FALSE | AJ16: FALSE | AK16: FALSE | AO16: FALSE | AP16: FALSE | AQ16: FALSE | AR16: FALSE | AV16: FALSE | AW16: FALSE | AX16: FALSE | AY16: FALSE | BC16: FALSE | BD16: FALSE | BE16: FALSE | BF16: FALSE | BJ16: FALSE | BK16: FALSE | BL16: FALSE | BM16: FALSE | BQ16: FALSE | BR16: FALSE | BS16: FALSE | BT16: FALSE | BX16: FALSE | BY16: FALSE | BZ16: FALSE | CA16: FALSE | CE16: FALSE | CF16: FALSE | CG16: FALSE | CH16: FALSE | CL16: FALSE | CM16: FALSE | CN16: FALSE | CO16: FALSE | CS16: FALSE | CT16: FALSE | CU16: FALSE | CV16: FALSE | CZ16: FALSE | DA16: FALSE | DB16: FALSE | DC16: FALSE | DG16: FALSE | DH16: FALSE | DI16: FALSE | DJ16: FALSE | DN16: FALSE | DO16: FALSE | DP16: FALSE | DQ16: FALSE | DU16: FALSE | DV16: FALSE | DW16: FALSE | DX16: FALSE | EB16: FALSE | EC16: FALSE | ED16: FALSE | EE16: FALSE | EI16: FALSE | EJ16: FALSE | EK16: FALSE | EL16: FALSE | EP16: FALSE | EQ16: FALSE | ER16: FALSE | ES16: FALSE | EW16: FALSE | EX16: FALSE | EY16: FALSE | EZ16: FALSE | FD16: FALSE | FE16: FALSE | FF16: FALSE | FG16: FALSE | FK16: FALSE | FL16: FALSE | FM16: FALSE | FN16: FALSE | FR16: FALSE | FS16: FALSE | FT16: FALSE | FU16: FALSE | FY16: FALSE | FZ16: FALSE | GA16: FALSE | GB16: FALSE | GF16: FALSE | GG16: FALSE | GH16: FALSE | GI16: FALSE | GM16: FALSE | GN16: FALSE | GO16: FALSE | GP16: FALSE | GT16: FALSE | GU16: FALSE | GV16: FALSE | GW16: FALSE | HA16: FALSE | HB16: FALSE | HC16: FALSE | HD16: FALSE | HH16: FALSE | HI16: FALSE | HJ16: FALSE | HK16: FALSE | HO16: FALSE | HP16: FALSE | HQ16: FALSE | HR16: FALSE | HV16: FALSE | HW16: FALSE | HX16: FALSE | HY16: FALSE | IC16: FALSE | ID16: FALSE | IE16: FALSE | IF16: FALSE | IJ16: FALSE | IK16: FALSE | IL16: FALSE | IM16: FALSE | IQ16: FALSE | IR16: FALSE | IS16: FALSE | IT16: FALSE
C17: 8 | F17: FALSE | G17: FALSE | H17: FALSE | I17: FALSE | M17: FALSE | N17: FALSE | O17: FALSE | P17: FALSE | T17: FALSE | U17: FALSE | V17: FALSE | W17: FALSE | AA17: FALSE | AB17: FALSE | AC17: FALSE | AD17: FALSE | AH17: FALSE | AI17: FALSE | AJ17: FALSE | AK17: FALSE | AO17: FALSE | AP17: FALSE | AQ17: FALSE | AR17: FALSE | AV17: FALSE | AW17: FALSE | AX17: FALSE | AY17: FALSE | BC17: FALSE | BD17: FALSE | BE17: FALSE | BF17: FALSE | BJ17: FALSE | BK17: FALSE | BL17: FALSE | BM17: FALSE | BQ17: FALSE | BR17: FALSE | BS17: FALSE | BT17: FALSE | BX17: FALSE | BY17: FALSE | BZ17: FALSE | CA17: FALSE | CE17: FALSE | CF17: FALSE | CG17: FALSE | CH17: FALSE | CL17: FALSE | CM17: FALSE | CN17: FALSE | CO17: FALSE | CS17: FALSE | CT17: FALSE | CU17: FALSE | CV17: FALSE | CZ17: FALSE | DA17: FALSE | DB17: FALSE | DC17: FALSE | DG17: FALSE | DH17: FALSE | DI17: FALSE | DJ17: FALSE | DN17: FALSE | DO17: FALSE | DP17: FALSE | DQ17: FALSE | DU17: FALSE | DV17: FALSE | DW17: FALSE | DX17: FALSE | EB17: FALSE | EC17: FALSE | ED17: FALSE | EE17: FALSE | EI17: FALSE | EJ17: FALSE | EK17: FALSE | EL17: FALSE | EP17: FALSE | EQ17: FALSE | ER17: FALSE | ES17: FALSE | EW17: FALSE | EX17: FALSE | EY17: FALSE | EZ17: FALSE | FD17: FALSE | FE17: FALSE | FF17: FALSE | FG17: FALSE | FK17: FALSE | FL17: FALSE | FM17: FALSE | FN17: FALSE | FR17: FALSE | FS17: FALSE | FT17: FALSE | FU17: FALSE | FY17: FALSE | FZ17: FALSE | GA17: FALSE | GB17: FALSE | GF17: FALSE | GG17: FALSE | GH17: FALSE | GI17: FALSE | GM17: FALSE | GN17: FALSE | GO17: FALSE | GP17: FALSE | GT17: FALSE | GU17: FALSE | GV17: FALSE | GW17: FALSE | HA17: FALSE | HB17: FALSE | HC17: FALSE | HD17: FALSE | HH17: FALSE | HI17: FALSE | HJ17: FALSE | HK17: FALSE | HO17: FALSE | HP17: FALSE | HQ17: FALSE | HR17: FALSE | HV17: FALSE | HW17: FALSE | HX17: FALSE | HY17: FALSE | IC17: FALSE | ID17: FALSE | IE17: FALSE | IF17: FALSE | IJ17: FALSE | IK17: FALSE | IL17: FALSE | IM17: FALSE | IQ17: FALSE | IR17: FALSE | IS17: FALSE | IT17: FALSE
C18: 9 | F18: FALSE | G18: FALSE | H18: FALSE | I18: FALSE | M18: FALSE | N18: FALSE | O18: FALSE | P18: FALSE | T18: FALSE | U18: FALSE | V18: FALSE | W18: FALSE | AA18: FALSE | AB18: FALSE | AC18: FALSE | AD18: FALSE | AH18: FALSE | AI18: FALSE | AJ18: FALSE | AK18: FALSE | AO18: FALSE | AP18: FALSE | AQ18: FALSE | AR18: FALSE | AV18: FALSE | AW18: FALSE | AX18: FALSE | AY18: FALSE | BC18: FALSE | BD18: FALSE | BE18: FALSE | BF18: FALSE | BJ18: FALSE | BK18: FALSE | BL18: FALSE | BM18: FALSE | BQ18: FALSE | BR18: FALSE | BS18: FALSE | BT18: FALSE | BX18: FALSE | BY18: FALSE | BZ18: FALSE | CA18: FALSE | CE18: FALSE | CF18: FALSE | CG18: FALSE | CH18: FALSE | CL18: FALSE | CM18: FALSE | CN18: FALSE | CO18: FALSE | CS18: FALSE | CT18: FALSE | CU18: FALSE | CV18: FALSE | CZ18: FALSE | DA18: FALSE | DB18: FALSE | DC18: FALSE | DG18: FALSE | DH18: FALSE | DI18: FALSE | DJ18: FALSE | DN18: FALSE | DO18: FALSE | DP18: FALSE | DQ18: FALSE | DU18: FALSE | DV18: FALSE | DW18: FALSE | DX18: FALSE | EB18: FALSE | EC18: FALSE | ED18: FALSE | EE18: FALSE | EI18: FALSE | EJ18: FALSE | EK18: FALSE | EL18: FALSE | EP18: FALSE | EQ18: FALSE | ER18: FALSE | ES18: FALSE | EW18: FALSE | EX18: FALSE | EY18: FALSE | EZ18: FALSE | FD18: FALSE | FE18: FALSE | FF18: FALSE | FG18: FALSE | FK18: FALSE | FL18: FALSE | FM18: FALSE | FN18: FALSE | FR18: FALSE | FS18: FALSE | FT18: FALSE | FU18: FALSE | FY18: FALSE | FZ18: FALSE | GA18: FALSE | GB18: FALSE | GF18: FALSE | GG18: FALSE | GH18: FALSE | GI18: FALSE | GM18: FALSE | GN18: FALSE | GO18: FALSE | GP18: FALSE | GT18: FALSE | GU18: FALSE | GV18: FALSE | GW18: FALSE | HA18: FALSE | HB18: FALSE | HC18: FALSE | HD18: FALSE | HH18: FALSE | HI18: FALSE | HJ18: FALSE | HK18: FALSE | HO18: FALSE | HP18: FALSE | HQ18: FALSE | HR18: FALSE | HV18: FALSE | HW18: FALSE | HX18: FALSE | HY18: FALSE | IC18: FALSE | ID18: FALSE | IE18: FALSE | IF18: FALSE | IJ18: FALSE | IK18: FALSE | IL18: FALSE | IM18: FALSE | IQ18: FALSE | IR18: FALSE | IS18: FALSE | IT18: FALSE
C19: 10 | F19: FALSE | G19: FALSE | H19: FALSE | I19: FALSE | M19: FALSE | N19: FALSE | O19: FALSE | P19: FALSE | T19: FALSE | U19: FALSE | V19: FALSE | W19: FALSE | AA19: FALSE | AB19: FALSE | AC19: FALSE | AD19: FALSE | AH19: FALSE | AI19: FALSE | AJ19: FALSE | AK19: FALSE | AO19: FALSE | AP19: FALSE | AQ19: FALSE | AR19: FALSE | AV19: FALSE | AW19: FALSE | AX19: FALSE | AY19: FALSE | BC19: FALSE | BD19: FALSE | BE19: FALSE | BF19: FALSE | BJ19: FALSE | BK19: FALSE | BL19: FALSE | BM19: FALSE | BQ19: FALSE | BR19: FALSE | BS19: FALSE | BT19: FALSE | BX19: FALSE | BY19: FALSE | BZ19: FALSE | CA19: FALSE | CE19: FALSE | CF19: FALSE | CG19: FALSE | CH19: FALSE | CL19: FALSE | CM19: FALSE | CN19: FALSE | CO19: FALSE | CS19: FALSE | CT19: FALSE | CU19: FALSE | CV19: FALSE | CZ19: FALSE | DA19: FALSE | DB19: FALSE | DC19: FALSE | DG19: FALSE | DH19: FALSE | DI19: FALSE | DJ19: FALSE | DN19: FALSE | DO19: FALSE | DP19: FALSE | DQ19: FALSE | DU19: FALSE | DV19: FALSE | DW19: FALSE | DX19: FALSE | EB19: FALSE | EC19: FALSE | ED19: FALSE | EE19: FALSE | EI19: FALSE | EJ19: FALSE | EK19: FALSE | EL19: FALSE | EP19: FALSE | EQ19: FALSE | ER19: FALSE | ES19: FALSE | EW19: FALSE | EX19: FALSE | EY19: FALSE | EZ19: FALSE | FD19: FALSE | FE19: FALSE | FF19: FALSE | FG19: FALSE | FK19: FALSE | FL19: FALSE | FM19: FALSE | FN19: FALSE | FR19: FALSE | FS19: FALSE | FT19: FALSE | FU19: FALSE | FY19: FALSE | FZ19: FALSE | GA19: FALSE | GB19: FALSE | GF19: FALSE | GG19: FALSE | GH19: FALSE | GI19: FALSE | GM19: FALSE | GN19: FALSE | GO19: FALSE | GP19: FALSE | GT19: FALSE | GU19: FALSE | GV19: FALSE | GW19: FALSE | HA19: FALSE | HB19: FALSE | HC19: FALSE | HD19: FALSE | HH19: FALSE | HI19: FALSE | HJ19: FALSE | HK19: FALSE | HO19: FALSE | HP19: FALSE | HQ19: FALSE | HR19: FALSE | HV19: FALSE | HW19: FALSE | HX19: FALSE | HY19: FALSE | IC19: FALSE | ID19: FALSE | IE19: FALSE | IF19: FALSE | IJ19: FALSE | IK19: FALSE | IL19: FALSE | IM19: FALSE | IQ19: FALSE | IR19: FALSE | IS19: FALSE | IT19: FALSE
C20: 11 | F20: FALSE | G20: FALSE | H20: FALSE | I20: FALSE | M20: FALSE | N20: FALSE | O20: FALSE | P20: FALSE | T20: FALSE | U20: FALSE | V20: FALSE | W20: FALSE | AA20: FALSE | AB20: FALSE | AC20: FALSE | AD20: FALSE | AH20: FALSE | AI20: FALSE | AJ20: FALSE | AK20: FALSE | AO20: FALSE | AP20: FALSE | AQ20: FALSE | AR20: FALSE | AV20: FALSE | AW20: FALSE | AX20: FALSE | AY20: FALSE | BC20: FALSE | BD20: FALSE | BE20: FALSE | BF20: FALSE | BJ20: FALSE | BK20: FALSE | BL20: FALSE | BM20: FALSE | BQ20: FALSE | BR20: FALSE | BS20: FALSE | BT20: FALSE | BX20: FALSE | BY20: FALSE | BZ20: FALSE | CA20: FALSE | CE20: FALSE | CF20: FALSE | CG20: FALSE | CH20: FALSE | CL20: FALSE | CM20: FALSE | CN20: FALSE | CO20: FALSE | CS20: FALSE | CT20: FALSE | CU20: FALSE | CV20: FALSE | CZ20: FALSE | DA20: FALSE | DB20: FALSE | DC20: FALSE | DG20: FALSE | DH20: FALSE | DI20: FALSE | DJ20: FALSE | DN20: FALSE | DO20: FALSE | DP20: FALSE | DQ20: FALSE | DU20: FALSE | DV20: FALSE | DW20: FALSE | DX20: FALSE | EB20: FALSE | EC20: FALSE | ED20: FALSE | EE20: FALSE | EI20: FALSE | EJ20: FALSE | EK20: FALSE | EL20: FALSE | EP20: FALSE | EQ20: FALSE | ER20: FALSE | ES20: FALSE | EW20: FALSE | EX20: FALSE | EY20: FALSE | EZ20: FALSE | FD20: FALSE | FE20: FALSE | FF20: FALSE | FG20: FALSE | FK20: FALSE | FL20: FALSE | FM20: FALSE | FN20: FALSE | FR20: FALSE | FS20: FALSE | FT20: FALSE | FU20: FALSE | FY20: FALSE | FZ20: FALSE | GA20: FALSE | GB20: FALSE | GF20: FALSE | GG20: FALSE | GH20: FALSE | GI20: FALSE | GM20: FALSE | GN20: FALSE | GO20: FALSE | GP20: FALSE | GT20: FALSE | GU20: FALSE | GV20: FALSE | GW20: FALSE | HA20: FALSE | HB20: FALSE | HC20: FALSE | HD20: FALSE | HH20: FALSE | HI20: FALSE | HJ20: FALSE | HK20: FALSE | HO20: FALSE | HP20: FALSE | HQ20: FALSE | HR20: FALSE | HV20: FALSE | HW20: FALSE | HX20: FALSE | HY20: FALSE | IC20: FALSE | ID20: FALSE | IE20: FALSE | IF20: FALSE | IJ20: FALSE | IK20: FALSE | IL20: FALSE | IM20: FALSE | IQ20: FALSE | IR20: FALSE | IS20: FALSE | IT20: FALSE
C21: 12 | F21: FALSE | G21: FALSE | H21: FALSE | I21: FALSE | M21: FALSE | N21: FALSE | O21: FALSE | P21: FALSE | T21: FALSE | U21: FALSE | V21: FALSE | W21: FALSE | AA21: FALSE | AB21: FALSE | AC21: FALSE | AD21: FALSE | AH21: FALSE | AI21: FALSE | AJ21: FALSE | AK21: FALSE | AO21: FALSE | AP21: FALSE | AQ21: FALSE | AR21: FALSE | AV21: FALSE | AW21: FALSE | AX21: FALSE | AY21: FALSE | BC21: FALSE | BD21: FALSE | BE21: FALSE | BF21: FALSE | BJ21: FALSE | BK21: FALSE | BL21: FALSE | BM21: FALSE | BQ21: FALSE | BR21: FALSE | BS21: FALSE | BT21: FALSE | BX21: FALSE | BY21: FALSE | BZ21: FALSE | CA21: FALSE | CE21: FALSE | CF21: FALSE | CG21: FALSE | CH21: FALSE | CL21: FALSE | CM21: FALSE | CN21: FALSE | CO21: FALSE | CS21: FALSE | CT21: FALSE | CU21: FALSE | CV21: FALSE | CZ21: FALSE | DA21: FALSE | DB21: FALSE | DC21: FALSE | DG21: FALSE | DH21: FALSE | DI21: FALSE | DJ21: FALSE | DN21: FALSE | DO21: FALSE | DP21: FALSE | DQ21: FALSE | DU21: FALSE | DV21: FALSE | DW21: FALSE | DX21: FALSE | EB21: FALSE | EC21: FALSE | ED21: FALSE | EE21: FALSE | EI21: FALSE | EJ21: FALSE | EK21: FALSE | EL21: FALSE | EP21: FALSE | EQ21: FALSE | ER21: FALSE | ES21: FALSE | EW21: FALSE | EX21: FALSE | EY21: FALSE | EZ21: FALSE | FD21: FALSE | FE21: FALSE | FF21: FALSE | FG21: FALSE | FK21: FALSE | FL21: FALSE | FM21: FALSE | FN21: FALSE | FR21: FALSE | FS21: FALSE | FT21: FALSE | FU21: FALSE | FY21: FALSE | FZ21: FALSE | GA21: FALSE | GB21: FALSE | GF21: FALSE | GG21: FALSE | GH21: FALSE | GI21: FALSE | GM21: FALSE | GN21: FALSE | GO21: FALSE | GP21: FALSE | GT21: FALSE | GU21: FALSE | GV21: FALSE | GW21: FALSE | HA21: FALSE | HB21: FALSE | HC21: FALSE | HD21: FALSE | HH21: FALSE | HI21: FALSE | HJ21: FALSE | HK21: FALSE | HO21: FALSE | HP21: FALSE | HQ21: FALSE | HR21: FALSE | HV21: FALSE | HW21: FALSE | HX21: FALSE | HY21: FALSE | IC21: FALSE | ID21: FALSE | IE21: FALSE | IF21: FALSE | IJ21: FALSE | IK21: FALSE | IL21: FALSE | IM21: FALSE | IQ21: FALSE | IR21: FALSE | IS21: FALSE | IT21: FALSE
... C24: 15 | F24: FALSE | G24: FALSE | H24: FALSE | I24: FALSE | M24: FALSE | N24: FALSE | O24: FALSE | P24: FALSE | T24: FALSE | U24: FALSE | V24: FALSE | W24: FALSE | AA24: FALSE | AB24: FALSE | AC24: FALSE | AD24: FALSE | AH24: FALSE | AI24: FALSE | AJ24: FALSE | AK24: FALSE | AO24: FALSE | AP24: FALSE | AQ24: FALSE | AR24: FALSE | AV24: FALSE | AW24: FALSE | AX24: FALSE | AY24: FALSE | BC24: FALSE | BD24: FALSE | BE24: FALSE | BF24: FALSE | BJ24: FALSE | BK24: FALSE | BL24: FALSE | BM24: FALSE | BQ24: FALSE | BR24: FALSE | BS24: FALSE | BT24: FALSE | BX24: FALSE | BY24: FALSE | BZ24: FALSE | CA24: FALSE | CE24: FALSE | CF24: FALSE | CG24: FALSE | CH24: FALSE | CL24: FALSE | CM24: FALSE | CN24: FALSE | CO24: FALSE | CS24: FALSE | CT24: FALSE | CU24: FALSE | CV24: FALSE | CZ24: FALSE | DA24: FALSE | DB24: FALSE | DC24: FALSE | DG24: FALSE | DH24: FALSE | DI24: FALSE | DJ24: FALSE | DN24: FALSE | DO24: FALSE | DP24: FALSE | DQ24: FALSE | DU24: FALSE | DV24: FALSE | DW24: FALSE | DX24: FALSE | EB24: FALSE | EC24: FALSE | ED24: FALSE | EE24: FALSE | EI24: FALSE | EJ24: FALSE | EK24: FALSE | EL24: FALSE | EP24: FALSE | EQ24: FALSE | ER24: FALSE | ES24: FALSE | EW24: FALSE | EX24: FALSE | EY24: FALSE | EZ24: FALSE | FD24: FALSE | FE24: FALSE | FF24: FALSE | FG24: FALSE | FK24: FALSE | FL24: FALSE | FM24: FALSE | FN24: FALSE | FR24: FALSE | FS24: FALSE | FT24: FALSE | FU24: FALSE | FY24: FALSE | FZ24: FALSE | GA24: FALSE | GB24: FALSE | GF24: FALSE | GG24: FALSE | GH24: FALSE | GI24: FALSE | GM24: FALSE | GN24: FALSE | GO24: FALSE | GP24: FALSE | GT24: FALSE | GU24: FALSE | GV24: FALSE | GW24: FALSE | HA24: FALSE | HB24: FALSE | HC24: FALSE | HD24: FALSE | HH24: FALSE | HI24: FALSE | HJ24: FALSE | HK24: FALSE | HO24: FALSE | HP24: FALSE | HQ24: FALSE | HR24: FALSE | HV24: FALSE | HW24: FALSE | HX24: FALSE | HY24: FALSE | IC24: FALSE | ID24: FALSE | IE24: FALSE | IF24: FALSE | IJ24: FALSE | IK24: FALSE | IL24: FALSE | IM24: FALSE | IQ24: FALSE | IR24: FALSE | IS24: FALSE | IT24: FALSE
C25: 16 | F25: FALSE | G25: FALSE | H25: FALSE | I25: FALSE | M25: FALSE | N25: FALSE | O25: FALSE | P25: FALSE | T25: FALSE | U25: FALSE | V25: FALSE | W25: FALSE | AA25: FALSE | AB25: FALSE | AC25: FALSE | AD25: FALSE | AH25: FALSE | AI25: FALSE | AJ25: FALSE | AK25: FALSE | AO25: FALSE | AP25: FALSE | AQ25: FALSE | AR25: FALSE | AV25: FALSE | AW25: FALSE | AX25: FALSE | AY25: FALSE | BC25: FALSE | BD25: FALSE | BE25: FALSE | BF25: FALSE | BJ25: FALSE | BK25: FALSE | BL25: FALSE | BM25: FALSE | BQ25: FALSE | BR25: FALSE | BS25: FALSE | BT25: FALSE | BX25: FALSE | BY25: FALSE | BZ25: FALSE | CA25: FALSE | CE25: FALSE | CF25: FALSE | CG25: FALSE | CH25: FALSE | CL25: FALSE | CM25: FALSE | CN25: FALSE | CO25: FALSE | CS25: FALSE | CT25: FALSE | CU25: FALSE | CV25: FALSE | CZ25: FALSE | DA25: FALSE | DB25: FALSE | DC25: FALSE | DG25: FALSE | DH25: FALSE | DI25: FALSE | DJ25: FALSE | DN25: FALSE | DO25: FALSE | DP25: FALSE | DQ25: FALSE | DU25: FALSE | DV25: FALSE | DW25: FALSE | DX25: FALSE | EB25: FALSE | EC25: FALSE | ED25: FALSE | EE25: FALSE | EI25: FALSE | EJ25: FALSE | EK25: FALSE | EL25: FALSE | EP25: FALSE | EQ25: FALSE | ER25: FALSE | ES25: FALSE | EW25: FALSE | EX25: FALSE | EY25: FALSE | EZ25: FALSE | FD25: FALSE | FE25: FALSE | FF25: FALSE | FG25: FALSE | FK25: FALSE | FL25: FALSE | FM25: FALSE | FN25: FALSE | FR25: FALSE | FS25: FALSE | FT25: FALSE | FU25: FALSE | FY25: FALSE | FZ25: FALSE | GA25: FALSE | GB25: FALSE | GF25: FALSE | GG25: FALSE | GH25: FALSE | GI25: FALSE | GM25: FALSE | GN25: FALSE | GO25: FALSE | GP25: FALSE | GT25: FALSE | GU25: FALSE | GV25: FALSE | GW25: FALSE | HA25: FALSE | HB25: FALSE | HC25: FALSE | HD25: FALSE | HH25: FALSE | HI25: FALSE | HJ25: FALSE | HK25: FALSE | HO25: FALSE | HP25: FALSE | HQ25: FALSE | HR25: FALSE | HV25: FALSE | HW25: FALSE | HX25: FALSE | HY25: FALSE | IC25: FALSE | ID25: FALSE | IE25: FALSE | IF25: FALSE | IJ25: FALSE | IK25: FALSE | IL25: FALSE | IM25: FALSE | IQ25: FALSE | IR25: FALSE | IS25: FALSE | IT25: FALSE
C26: 17 | F26: FALSE | G26: FALSE | H26: FALSE | I26: FALSE | M26: FALSE | N26: FALSE | O26: FALSE | P26: FALSE | T26: FALSE | U26: FALSE | V26: FALSE | W26: FALSE | AA26: FALSE | AB26: FALSE | AC26: FALSE | AD26: FALSE | AH26: FALSE | AI26: FALSE | AJ26: FALSE | AK26: FALSE | AO26: FALSE | AP26: FALSE | AQ26: FALSE | AR26: FALSE | AV26: FALSE | AW26: FALSE | AX26: FALSE | AY26: FALSE | BC26: FALSE | BD26: TRUE | BE26: TRUE | BF26: FALSE | BJ26: FALSE | BK26: FALSE | BL26: FALSE | BM26: FALSE | BQ26: FALSE | BR26: FALSE | BS26: FALSE | BT26: FALSE | BX26: FALSE | BY26: FALSE | BZ26: FALSE | CA26: FALSE | CE26: FALSE | CF26: FALSE | CG26: FALSE | CH26: FALSE | CL26: FALSE | CM26: FALSE | CN26: FALSE | CO26: FALSE | CS26: FALSE | CT26: FALSE | CU26: FALSE | CV26: FALSE | CZ26: FALSE | DA26: FALSE | DB26: FALSE | DC26: FALSE | DG26: FALSE | DH26: FALSE | DI26: FALSE | DJ26: FALSE | DN26: FALSE | DO26: FALSE | DP26: FALSE | DQ26: FALSE | DU26: FALSE | DV26: FALSE | DW26: FALSE | DX26: FALSE | EB26: FALSE | EC26: FALSE | ED26: FALSE | EE26: FALSE | EI26: FALSE | EJ26: FALSE | EK26: FALSE | EL26: FALSE | EP26: FALSE | EQ26: FALSE | ER26: FALSE | ES26: FALSE | EW26: FALSE | EX26: FALSE | EY26: FALSE | EZ26: FALSE | FD26: FALSE | FE26: FALSE | FF26: FALSE | FG26: FALSE | FK26: FALSE | FL26: FALSE | FM26: FALSE | FN26: FALSE | FR26: FALSE | FS26: FALSE | FT26: FALSE | FU26: FALSE | FY26: FALSE | FZ26: FALSE | GA26: FALSE | GB26: FALSE | GF26: FALSE | GG26: FALSE | GH26: FALSE | GI26: FALSE | GM26: FALSE | GN26: FALSE | GO26: FALSE | GP26: FALSE | GT26: FALSE | GU26: FALSE | GV26: FALSE | GW26: FALSE | HA26: FALSE | HB26: FALSE | HC26: FALSE | HD26: FALSE | HH26: FALSE | HI26: FALSE | HJ26: FALSE | HK26: FALSE | HO26: FALSE | HP26: FALSE | HQ26: FALSE | HR26: FALSE | HV26: FALSE | HW26: FALSE | HX26: FALSE | HY26: FALSE | IC26: FALSE | ID26: FALSE | IE26: FALSE | IF26: FALSE | IJ26: FALSE | IK26: FALSE | IL26: FALSE | IM26: FALSE | IQ26: FALSE | IR26: FALSE | IS26: FALSE | IT26: FALSE
C27: 18 | F27: FALSE | G27: FALSE | H27: FALSE | I27: FALSE | M27: FALSE | N27: FALSE | O27: FALSE | P27: FALSE | T27: FALSE | U27: FALSE | V27: FALSE | W27: FALSE | AA27: FALSE | AB27: FALSE | AC27: FALSE | AD27: FALSE | AH27: FALSE | AI27: FALSE | AJ27: FALSE | AK27: FALSE | AO27: FALSE | AP27: FALSE | AQ27: FALSE | AR27: FALSE | AV27: FALSE | AW27: FALSE | AX27: FALSE | AY27: FALSE | BC27: FALSE | BD27: FALSE | BE27: FALSE | BF27: FALSE | BJ27: FALSE | BK27: FALSE | BL27: FALSE | BM27: FALSE | BQ27: FALSE | BR27: FALSE | BS27: FALSE | BT27: FALSE | BX27: FALSE | BY27: FALSE | BZ27: FALSE | CA27: FALSE | CE27: FALSE | CF27: FALSE | CG27: FALSE | CH27: FALSE | CL27: FALSE | CM27: FALSE | CN27: FALSE | CO27: FALSE | CS27: FALSE | CT27: FALSE | CU27: FALSE | CV27: FALSE | CZ27: FALSE | DA27: FALSE | DB27: FALSE | DC27: FALSE | DG27: FALSE | DH27: FALSE | DI27: FALSE | DJ27: FALSE | DN27: FALSE | DO27: FALSE | DP27: FALSE | DQ27: FALSE | DU27: FALSE | DV27: FALSE | DW27: FALSE | DX27: FALSE | EB27: FALSE | EC27: FALSE | ED27: FALSE | EE27: FALSE | EI27: FALSE | EJ27: FALSE | EK27: FALSE | EL27: FALSE | EP27: FALSE | EQ27: FALSE | ER27: FALSE | ES27: FALSE | EW27: FALSE | EX27: FALSE | EY27: FALSE | EZ27: FALSE | FD27: FALSE | FE27: FALSE | FF27: FALSE | FG27: FALSE | FK27: FALSE | FL27: FALSE | FM27: FALSE | FN27: FALSE | FR27: FALSE | FS27: FALSE | FT27: FALSE | FU27: FALSE | FY27: FALSE | FZ27: FALSE | GA27: FALSE | GB27: FALSE | GF27: FALSE | GG27: FALSE | GH27: FALSE | GI27: FALSE | GM27: FALSE | GN27: FALSE | GO27: FALSE | GP27: FALSE | GT27: FALSE | GU27: FALSE | GV27: FALSE | GW27: FALSE | HA27: FALSE | HB27: FALSE | HC27: FALSE | HD27: FALSE | HH27: FALSE | HI27: FALSE | HJ27: FALSE | HK27: FALSE | HO27: FALSE | HP27: FALSE | HQ27: FALSE | HR27: FALSE | HV27: FALSE | HW27: FALSE | HX27: FALSE | HY27: FALSE | IC27: FALSE | ID27: FALSE | IE27: FALSE | IF27: FALSE | IJ27: FALSE | IK27: FALSE | IL27: FALSE | IM27: FALSE | IQ27: FALSE | IR27: FALSE | IS27: FALSE | IT27: FALSE
C28: 19 | F28: FALSE | G28: FALSE | H28: FALSE | I28: FALSE | M28: FALSE | N28: FALSE | O28: FALSE | P28: FALSE | T28: FALSE | U28: FALSE | V28: FALSE | W28: FALSE | AA28: FALSE | AB28: FALSE | AC28: FALSE | AD28: FALSE | AH28: FALSE | AI28: FALSE | AJ28: FALSE | AK28: FALSE | AO28: FALSE | AP28: FALSE | AQ28: FALSE | AR28: FALSE | AV28: FALSE | AW28: FALSE | AX28: FALSE | AY28: FALSE | BC28: FALSE | BD28: FALSE | BE28: FALSE | BF28: FALSE | BJ28: FALSE | BK28: FALSE | BL28: FALSE | BM28: FALSE | BQ28: FALSE | BR28: FALSE | BS28: FALSE | BT28: FALSE | BX28: FALSE | BY28: FALSE | BZ28: FALSE | CA28: FALSE | CE28: FALSE | CF28: FALSE | CG28: FALSE | CH28: FALSE | CL28: FALSE | CM28: FALSE | CN28: FALSE | CO28: FALSE | CS28: FALSE | CT28: FALSE | CU28: FALSE | CV28: FALSE | CZ28: FALSE | DA28: FALSE | DB28: FALSE | DC28: FALSE | DG28: FALSE | DH28: FALSE | DI28: FALSE | DJ28: FALSE | DN28: FALSE | DO28: FALSE | DP28: FALSE | DQ28: FALSE | DU28: FALSE | DV28: FALSE | DW28: FALSE | DX28: FALSE | EB28: FALSE | EC28: FALSE | ED28: FALSE | EE28: FALSE | EI28: FALSE | EJ28: FALSE | EK28: FALSE | EL28: FALSE | EP28: FALSE | EQ28: FALSE | ER28: FALSE | ES28: FALSE | EW28: FALSE | EX28: FALSE | EY28: FALSE | EZ28: FALSE | FD28: FALSE | FE28: FALSE | FF28: FALSE | FG28: FALSE | FK28: FALSE | FL28: FALSE | FM28: FALSE | FN28: FALSE | FR28: FALSE | FS28: FALSE | FT28: FALSE | FU28: FALSE | FY28: FALSE | FZ28: FALSE | GA28: FALSE | GB28: FALSE | GF28: FALSE | GG28: FALSE | GH28: FALSE | GI28: FALSE | GM28: FALSE | GN28: FALSE | GO28: FALSE | GP28: FALSE | GT28: FALSE | GU28: FALSE | GV28: FALSE | GW28: FALSE | HA28: FALSE | HB28: FALSE | HC28: FALSE | HD28: FALSE | HH28: FALSE | HI28: FALSE | HJ28: FALSE | HK28: FALSE | HO28: FALSE | HP28: FALSE | HQ28: FALSE | HR28: FALSE | HV28: FALSE | HW28: FALSE | HX28: FALSE | HY28: FALSE | IC28: FALSE | ID28: FALSE | IE28: FALSE | IF28: FALSE | IJ28: FALSE | IK28: FALSE | IL28: FALSE | IM28: FALSE | IQ28: FALSE | IR28: FALSE | IS28: FALSE | IT28: FALSE
C29: 20 | F29: FALSE | G29: FALSE | H29: FALSE | I29: FALSE | M29: FALSE | N29: FALSE | O29: FALSE | P29: FALSE | T29: FALSE | U29: FALSE | V29: FALSE | W29: FALSE | AA29: FALSE | AB29: FALSE | AC29: FALSE | AD29: FALSE | AH29: FALSE | AI29: FALSE | AJ29: FALSE | AK29: FALSE | AO29: FALSE | AP29: FALSE | AQ29: FALSE | AR29: FALSE | AV29: FALSE | AW29: TRUE | AX29: TRUE | AY29: FALSE | BC29: FALSE | BD29: FALSE | BE29: FALSE | BF29: FALSE | BJ29: FALSE | BK29: FALSE | BL29: FALSE | BM29: FALSE | BQ29: FALSE | BR29: FALSE | BS29: FALSE | BT29: FALSE | BX29: FALSE | BY29: FALSE | BZ29: FALSE | CA29: FALSE | CE29: FALSE | CF29: FALSE | CG29: FALSE | CH29: FALSE | CL29: FALSE | CM29: FALSE | CN29: FALSE | CO29: FALSE | CS29: FALSE | CT29: FALSE | CU29: FALSE | CV29: FALSE | CZ29: FALSE | DA29: FALSE | DB29: FALSE | DC29: FALSE | DG29: FALSE | DH29: FALSE | DI29: FALSE | DJ29: FALSE | DN29: FALSE | DO29: FALSE | DP29: FALSE | DQ29: FALSE | DU29: FALSE | DV29: FALSE | DW29: FALSE | DX29: FALSE | EB29: FALSE | EC29: FALSE | ED29: FALSE | EE29: FALSE | EI29: FALSE | EJ29: FALSE | EK29: FALSE | EL29: FALSE | EP29: FALSE | EQ29: FALSE | ER29: FALSE | ES29: FALSE | EW29: FALSE | EX29: FALSE | EY29: FALSE | EZ29: FALSE | FD29: FALSE | FE29: FALSE | FF29: FALSE | FG29: FALSE | FK29: FALSE | FL29: FALSE | FM29: FALSE | FN29: FALSE | FR29: FALSE | FS29: FALSE | FT29: FALSE | FU29: FALSE | FY29: FALSE | FZ29: FALSE | GA29: FALSE | GB29: FALSE | GF29: FALSE | GG29: FALSE | GH29: FALSE | GI29: FALSE | GM29: FALSE | GN29: FALSE | GO29: FALSE | GP29: FALSE | GT29: FALSE | GU29: FALSE | GV29: FALSE | GW29: FALSE | HA29: FALSE | HB29: FALSE | HC29: FALSE | HD29: FALSE | HH29: FALSE | HI29: FALSE | HJ29: FALSE | HK29: FALSE | HO29: FALSE | HP29: FALSE | HQ29: FALSE | HR29: FALSE | HV29: FALSE | HW29: FALSE | HX29: FALSE | HY29: FALSE | IC29: FALSE | ID29: FALSE | IE29: FALSE | IF29: FALSE | IJ29: FALSE | IK29: FALSE | IL29: FALSE | IM29: FALSE | IQ29: FALSE | IR29: FALSE | IS29: FALSE | IT29: FALSE
C30: 21 | F30: FALSE | G30: FALSE | H30: FALSE | I30: FALSE | M30: FALSE | N30: FALSE | O30: FALSE | P30: FALSE | T30: FALSE | U30: FALSE | V30: FALSE | W30: FALSE | AA30: FALSE | AB30: FALSE | AC30: FALSE | AD30: FALSE | AH30: FALSE | AI30: FALSE | AJ30: FALSE | AK30: FALSE | AO30: FALSE | AP30: FALSE | AQ30: FALSE | AR30: FALSE | AV30: FALSE | AW30: FALSE | AX30: FALSE | AY30: FALSE | BC30: FALSE | BD30: FALSE | BE30: FALSE | BF30: FALSE | BJ30: FALSE | BK30: FALSE | BL30: FALSE | BM30: FALSE | BQ30: FALSE | BR30: FALSE | BS30: FALSE | BT30: FALSE | BX30: FALSE | BY30: FALSE | BZ30: FALSE | CA30: FALSE | CE30: FALSE | CF30: FALSE | CG30: FALSE | CH30: FALSE | CL30: FALSE | CM30: FALSE | CN30: FALSE | CO30: FALSE | CS30: FALSE | CT30: FALSE | CU30: FALSE | CV30: FALSE | CZ30: FALSE | DA30: FALSE | DB30: FALSE | DC30: FALSE | DG30: FALSE | DH30: FALSE | DI30: FALSE | DJ30: FALSE | DN30: FALSE | DO30: FALSE | DP30: FALSE | DQ30: FALSE | DU30: FALSE | DV30: FALSE | DW30: FALSE | DX30: FALSE | EB30: FALSE | EC30: FALSE | ED30: FALSE | EE30: FALSE | EI30: FALSE | EJ30: FALSE | EK30: FALSE | EL30: FALSE | EP30: FALSE | EQ30: FALSE | ER30: FALSE | ES30: FALSE | EW30: FALSE | EX30: FALSE | EY30: FALSE | EZ30: FALSE | FD30: FALSE | FE30: FALSE | FF30: FALSE | FG30: FALSE | FK30: FALSE | FL30: FALSE | FM30: FALSE | FN30: FALSE | FR30: FALSE | FS30: FALSE | FT30: FALSE | FU30: FALSE | FY30: FALSE | FZ30: FALSE | GA30: FALSE | GB30: FALSE | GF30: FALSE | GG30: FALSE | GH30: FALSE | GI30: FALSE | GM30: FALSE | GN30: FALSE | GO30: FALSE | GP30: FALSE | GT30: FALSE | GU30: FALSE | GV30: FALSE | GW30: FALSE | HA30: FALSE | HB30: FALSE | HC30: FALSE | HD30: FALSE | HH30: FALSE | HI30: FALSE | HJ30: FALSE | HK30: FALSE | HO30: FALSE | HP30: FALSE | HQ30: FALSE | HR30: FALSE | HV30: FALSE | HW30: FALSE | HX30: FALSE | HY30: FALSE | IC30: FALSE | ID30: FALSE | IE30: FALSE | IF30: FALSE | IJ30: FALSE | IK30: FALSE | IL30: FALSE | IM30: FALSE | IQ30: FALSE | IR30: FALSE | IS30: FALSE | IT30: FALSE
C31: 22 | F31: FALSE | G31: FALSE | H31: FALSE | I31: FALSE | M31: FALSE | N31: FALSE | O31: FALSE | P31: FALSE | T31: FALSE | U31: FALSE | V31: FALSE | W31: FALSE | AA31: FALSE | AB31: FALSE | AC31: FALSE | AD31: FALSE | AH31: FALSE | AI31: FALSE | AJ31: FALSE | AK31: FALSE | AO31: FALSE | AP31: FALSE | AQ31: FALSE | AR31: FALSE | AV31: FALSE | AW31: FALSE | AX31: FALSE | AY31: FALSE | BC31: FALSE | BD31: FALSE | BE31: FALSE | BF31: FALSE | BJ31: FALSE | BK31: FALSE | BL31: FALSE | BM31: FALSE | BQ31: FALSE | BR31: FALSE | BS31: FALSE | BT31: FALSE | BX31: FALSE | BY31: FALSE | BZ31: FALSE | CA31: FALSE | CE31: FALSE | CF31: FALSE | CG31: FALSE | CH31: FALSE | CL31: FALSE | CM31: FALSE | CN31: FALSE | CO31: FALSE | CS31: FALSE | CT31: FALSE | CU31: FALSE | CV31: FALSE | CZ31: FALSE | DA31: FALSE | DB31: FALSE | DC31: FALSE | DG31: FALSE | DH31: FALSE | DI31: FALSE | DJ31: FALSE | DN31: FALSE | DO31: FALSE | DP31: FALSE | DQ31: FALSE | DU31: FALSE | DV31: FALSE | DW31: FALSE | DX31: FALSE | EB31: FALSE | EC31: FALSE | ED31: FALSE | EE31: FALSE | EI31: FALSE | EJ31: FALSE | EK31: FALSE | EL31: FALSE | EP31: FALSE | EQ31: FALSE | ER31: FALSE | ES31: FALSE | EW31: FALSE | EX31: FALSE | EY31: FALSE | EZ31: FALSE | FD31: FALSE | FE31: FALSE | FF31: FALSE | FG31: FALSE | FK31: FALSE | FL31: FALSE | FM31: FALSE | FN31: FALSE | FR31: FALSE | FS31: FALSE | FT31: FALSE | FU31: FALSE | FY31: FALSE | FZ31: FALSE | GA31: FALSE | GB31: FALSE | GF31: FALSE | GG31: FALSE | GH31: FALSE | GI31: FALSE | GM31: FALSE | GN31: FALSE | GO31: FALSE | GP31: FALSE | GT31: FALSE | GU31: FALSE | GV31: FALSE | GW31: FALSE | HA31: FALSE | HB31: FALSE | HC31: FALSE | HD31: FALSE | HH31: FALSE | HI31: FALSE | HJ31: FALSE | HK31: FALSE | HO31: FALSE | HP31: FALSE | HQ31: FALSE | HR31: FALSE | HV31: FALSE | HW31: FALSE | HX31: FALSE | HY31: FALSE | IC31: FALSE | ID31: FALSE | IE31: FALSE | IF31: FALSE | IJ31: FALSE | IK31: FALSE | IL31: FALSE | IM31: FALSE | IQ31: FALSE | IR31: FALSE | IS31: FALSE | IT31: FALSE
C32: 23 | F32: FALSE | G32: FALSE | H32: FALSE | I32: FALSE | M32: FALSE | N32: FALSE | O32: FALSE | P32: FALSE | T32: FALSE | U32: FALSE | V32: FALSE | W32: FALSE | AA32: FALSE | AB32: FALSE | AC32: FALSE | AD32: FALSE | AH32: FALSE | AI32: FALSE | AJ32: FALSE | AK32: FALSE | AO32: FALSE | AP32: FALSE | AQ32: FALSE | AR32: FALSE | AV32: FALSE | AW32: FALSE | AX32: FALSE | AY32: FALSE | BC32: FALSE | BD32: FALSE | BE32: FALSE | BF32: FALSE | BJ32: FALSE | BK32: FALSE | BL32: FALSE | BM32: FALSE | BQ32: FALSE | BR32: FALSE | BS32: FALSE | BT32: FALSE | BX32: FALSE | BY32: FALSE | BZ32: FALSE | CA32: FALSE | CE32: FALSE | CF32: FALSE | CG32: FALSE | CH32: FALSE | CL32: FALSE | CM32: FALSE | CN32: FALSE | CO32: FALSE | CS32: FALSE | CT32: FALSE | CU32: FALSE | CV32: FALSE | CZ32: FALSE | DA32: FALSE | DB32: FALSE | DC32: FALSE | DG32: FALSE | DH32: FALSE | DI32: FALSE | DJ32: FALSE | DN32: FALSE | DO32: FALSE | DP32: FALSE | DQ32: FALSE | DU32: FALSE | DV32: FALSE | DW32: FALSE | DX32: FALSE | EB32: FALSE | EC32: FALSE | ED32: FALSE | EE32: FALSE | EI32: FALSE | EJ32: FALSE | EK32: FALSE | EL32: FALSE | EP32: FALSE | EQ32: FALSE | ER32: FALSE | ES32: FALSE | EW32: FALSE | EX32: FALSE | EY32: FALSE | EZ32: FALSE | FD32: FALSE | FE32: FALSE | FF32: FALSE | FG32: FALSE | FK32: FALSE | FL32: FALSE | FM32: FALSE | FN32: FALSE | FR32: FALSE | FS32: FALSE | FT32: FALSE | FU32: FALSE | FY32: FALSE | FZ32: FALSE | GA32: FALSE | GB32: FALSE | GF32: FALSE | GG32: FALSE | GH32: FALSE | GI32: FALSE | GM32: FALSE | GN32: FALSE | GO32: FALSE | GP32: FALSE | GT32: FALSE | GU32: FALSE | GV32: FALSE | GW32: FALSE | HA32: FALSE | HB32: FALSE | HC32: FALSE | HD32: FALSE | HH32: FALSE | HI32: FALSE | HJ32: FALSE | HK32: FALSE | HO32: FALSE | HP32: FALSE | HQ32: FALSE | HR32: FALSE | HV32: FALSE | HW32: FALSE | HX32: FALSE | HY32: FALSE | IC32: FALSE | ID32: FALSE | IE32: FALSE | IF32: FALSE | IJ32: FALSE | IK32: FALSE | IL32: FALSE | IM32: FALSE | IQ32: FALSE | IR32: FALSE | IS32: FALSE | IT32: FALSE
C33: 24 | F33: FALSE | G33: FALSE | H33: FALSE | I33: FALSE | M33: FALSE | N33: FALSE | O33: FALSE | P33: FALSE | T33: FALSE | U33: FALSE | V33: FALSE | W33: FALSE | AA33: FALSE | AB33: FALSE | AC33: FALSE | AD33: FALSE | AH33: FALSE | AI33: FALSE | AJ33: FALSE | AK33: FALSE | AO33: FALSE | AP33: FALSE | AQ33: FALSE | AR33: FALSE | AV33: FALSE | AW33: FALSE | AX33: FALSE | AY33: FALSE | BC33: FALSE | BD33: FALSE | BE33: FALSE | BF33: FALSE | BJ33: FALSE | BK33: FALSE | BL33: FALSE | BM33: FALSE | BQ33: FALSE | BR33: FALSE | BS33: FALSE | BT33: FALSE | BX33: FALSE | BY33: FALSE | BZ33: FALSE | CA33: FALSE | CE33: FALSE | CF33: FALSE | CG33: FALSE | CH33: FALSE | CL33: FALSE | CM33: FALSE | CN33: FALSE | CO33: FALSE | CS33: FALSE | CT33: FALSE | CU33: FALSE | CV33: FALSE | CZ33: FALSE | DA33: FALSE | DB33: FALSE | DC33: FALSE | DG33: FALSE | DH33: FALSE | DI33: FALSE | DJ33: FALSE | DN33: FALSE | DO33: FALSE | DP33: FALSE | DQ33: FALSE | DU33: FALSE | DV33: FALSE | DW33: FALSE | DX33: FALSE | EB33: FALSE | EC33: FALSE | ED33: FALSE | EE33: FALSE | EI33: FALSE | EJ33: FALSE | EK33: FALSE | EL33: FALSE | EP33: FALSE | EQ33: FALSE | ER33: FALSE | ES33: FALSE | EW33: FALSE | EX33: FALSE | EY33: FALSE | EZ33: FALSE | FD33: FALSE | FE33: FALSE | FF33: FALSE | FG33: FALSE | FK33: FALSE | FL33: FALSE | FM33: FALSE | FN33: FALSE | FR33: FALSE | FS33: FALSE | FT33: FALSE | FU33: FALSE | FY33: FALSE | FZ33: FALSE | GA33: FALSE | GB33: FALSE | GF33: FALSE | GG33: FALSE | GH33: FALSE | GI33: FALSE | GM33: FALSE | GN33: FALSE | GO33: FALSE | GP33: FALSE | GT33: FALSE | GU33: FALSE | GV33: FALSE | GW33: FALSE | HA33: FALSE | HB33: FALSE | HC33: FALSE | HD33: FALSE | HH33: FALSE | HI33: FALSE | HJ33: FALSE | HK33: FALSE | HO33: FALSE | HP33: FALSE | HQ33: FALSE | HR33: FALSE | HV33: FALSE | HW33: FALSE | HX33: FALSE | HY33: FALSE | IC33: FALSE | ID33: FALSE | IE33: FALSE | IF33: FALSE | IJ33: FALSE | IK33: FALSE | IL33: FALSE | IM33: FALSE | IQ33: FALSE | IR33: FALSE | IS33: FALSE | IT33: FALSE
C34: 25 | F34: FALSE | G34: FALSE | H34: FALSE | I34: FALSE | M34: FALSE | N34: FALSE | O34: FALSE | P34: FALSE | T34: FALSE | U34: FALSE | V34: FALSE | W34: FALSE | AA34: FALSE | AB34: FALSE | AC34: FALSE | AD34: FALSE | AH34: FALSE | AI34: FALSE | AJ34: FALSE | AK34: FALSE | AO34: FALSE | AP34: FALSE | AQ34: FALSE | AR34: FALSE | AV34: FALSE | AW34: FALSE | AX34: FALSE | AY34: FALSE | BC34: FALSE | BD34: FALSE | BE34: FALSE | BF34: FALSE | BJ34: FALSE | BK34: FALSE | BL34: FALSE | BM34: FALSE | BQ34: FALSE | BR34: FALSE | BS34: FALSE | BT34: FALSE | BX34: FALSE | BY34: FALSE | BZ34: FALSE | CA34: FALSE | CE34: FALSE | CF34: FALSE | CG34: FALSE | CH34: FALSE | CL34: FALSE | CM34: FALSE | CN34: FALSE | CO34: FALSE | CS34: FALSE | CT34: FALSE | CU34: FALSE | CV34: FALSE | CZ34: FALSE | DA34: FALSE | DB34: FALSE | DC34: FALSE | DG34: FALSE | DH34: FALSE | DI34: FALSE | DJ34: FALSE | DN34: FALSE | DO34: FALSE | DP34: FALSE | DQ34: FALSE | DU34: FALSE | DV34: FALSE | DW34: FALSE | DX34: FALSE | EB34: FALSE | EC34: FALSE | ED34: FALSE | EE34: FALSE | EI34: FALSE | EJ34: FALSE | EK34: FALSE | EL34: FALSE | EP34: FALSE | EQ34: FALSE | ER34: FALSE | ES34: FALSE | EW34: FALSE | EX34: FALSE | EY34: FALSE | EZ34: FALSE | FD34: FALSE | FE34: FALSE | FF34: FALSE | FG34: FALSE | FK34: FALSE | FL34: FALSE | FM34: FALSE | FN34: FALSE | FR34: FALSE | FS34: FALSE | FT34: FALSE | FU34: FALSE | FY34: FALSE | FZ34: FALSE | GA34: FALSE | GB34: FALSE | GF34: FALSE | GG34: FALSE | GH34: FALSE | GI34: FALSE | GM34: FALSE | GN34: FALSE | GO34: FALSE | GP34: FALSE | GT34: FALSE | GU34: FALSE | GV34: FALSE | GW34: FALSE | HA34: FALSE | HB34: FALSE | HC34: FALSE | HD34: FALSE | HH34: FALSE | HI34: FALSE | HJ34: FALSE | HK34: FALSE | HO34: FALSE | HP34: FALSE | HQ34: FALSE | HR34: FALSE | HV34: FALSE | HW34: FALSE | HX34: FALSE | HY34: FALSE | IC34: FALSE | ID34: FALSE | IE34: FALSE | IF34: FALSE | IJ34: FALSE | IK34: FALSE | IL34: FALSE | IM34: FALSE | IQ34: FALSE | IR34: FALSE | IS34: FALSE | IT34: FALSE
C35: 26 | F35: FALSE | G35: FALSE | H35: FALSE | I35: FALSE | M35: FALSE | N35: FALSE | O35: FALSE | P35: FALSE | T35: FALSE | U35: FALSE | V35: FALSE | W35: FALSE | AA35: FALSE | AB35: FALSE | AC35: FALSE | AD35: FALSE | AH35: FALSE | AI35: FALSE | AJ35: FALSE | AK35: FALSE | AO35: FALSE | AP35: FALSE | AQ35: FALSE | AR35: FALSE | AV35: FALSE | AW35: FALSE | AX35: FALSE | AY35: FALSE | BC35: FALSE | BD35: FALSE | BE35: FALSE | BF35: FALSE | BJ35: FALSE | BK35: FALSE | BL35: FALSE | BM35: FALSE | BQ35: FALSE | BR35: FALSE | BS35: FALSE | BT35: FALSE | BX35: FALSE | BY35: FALSE | BZ35: FALSE | CA35: FALSE | CE35: FALSE | CF35: FALSE | CG35: FALSE | CH35: FALSE | CL35: FALSE | CM35: FALSE | CN35: FALSE | CO35: FALSE | CS35: FALSE | CT35: FALSE | CU35: FALSE | CV35: FALSE | CZ35: FALSE | DA35: FALSE | DB35: FALSE | DC35: FALSE | DG35: FALSE | DH35: FALSE | DI35: FALSE | DJ35: FALSE | DN35: FALSE | DO35: FALSE | DP35: FALSE | DQ35: FALSE | DU35: FALSE | DV35: FALSE | DW35: FALSE | DX35: FALSE | EB35: FALSE | EC35: FALSE | ED35: FALSE | EE35: FALSE | EI35: FALSE | EJ35: FALSE | EK35: FALSE | EL35: FALSE | EP35: FALSE | EQ35: FALSE | ER35: FALSE | ES35: FALSE | EW35: FALSE | EX35: FALSE | EY35: FALSE | EZ35: FALSE | FD35: FALSE | FE35: FALSE | FF35: FALSE | FG35: FALSE | FK35: FALSE | FL35: FALSE | FM35: FALSE | FN35: FALSE | FR35: FALSE | FS35: FALSE | FT35: FALSE | FU35: FALSE | FY35: FALSE | FZ35: FALSE | GA35: FALSE | GB35: FALSE | GF35: FALSE | GG35: FALSE | GH35: FALSE | GI35: FALSE | GM35: FALSE | GN35: FALSE | GO35: FALSE | GP35: FALSE | GT35: FALSE | GU35: FALSE | GV35: FALSE | GW35: FALSE | HA35: FALSE | HB35: FALSE | HC35: FALSE | HD35: FALSE | HH35: FALSE | HI35: FALSE | HJ35: FALSE | HK35: FALSE | HO35: FALSE | HP35: FALSE | HQ35: FALSE | HR35: FALSE | HV35: FALSE | HW35: FALSE | HX35: FALSE | HY35: FALSE | IC35: FALSE | ID35: FALSE | IE35: FALSE | IF35: FALSE | IJ35: FALSE | IK35: FALSE | IL35: FALSE | IM35: FALSE | IQ35: FALSE | IR35: FALSE | IS35: FALSE | IT35: FALSE
C36: 27 | F36: FALSE | G36: FALSE | H36: FALSE | I36: FALSE | M36: FALSE | N36: FALSE | O36: FALSE | P36: FALSE | T36: FALSE | U36: FALSE | V36: FALSE | W36: FALSE | AA36: FALSE | AB36: FALSE | AC36: FALSE | AD36: FALSE | AH36: FALSE | AI36: FALSE | AJ36: FALSE | AK36: FALSE | AO36: FALSE | AP36: FALSE | AQ36: FALSE | AR36: FALSE | AV36: FALSE | AW36: FALSE | AX36: FALSE | AY36: FALSE | BC36: FALSE | BD36: FALSE | BE36: FALSE | BF36: FALSE | BJ36: FALSE | BK36: FALSE | BL36: FALSE | BM36: FALSE | BQ36: FALSE | BR36: FALSE | BS36: FALSE | BT36: FALSE | BX36: FALSE | BY36: FALSE | BZ36: FALSE | CA36: FALSE | CE36: FALSE | CF36: FALSE | CG36: FALSE | CH36: FALSE | CL36: FALSE | CM36: FALSE | CN36: FALSE | CO36: FALSE | CS36: FALSE | CT36: FALSE | CU36: FALSE | CV36: FALSE | CZ36: FALSE | DA36: FALSE | DB36: FALSE | DC36: FALSE | DG36: FALSE | DH36: FALSE | DI36: FALSE | DJ36: FALSE | DN36: FALSE | DO36: FALSE | DP36: FALSE | DQ36: FALSE | DU36: FALSE | DV36: FALSE | DW36: FALSE | DX36: FALSE | EB36: FALSE | EC36: FALSE | ED36: FALSE | EE36: FALSE | EI36: FALSE | EJ36: FALSE | EK36: FALSE | EL36: FALSE | EP36: FALSE | EQ36: FALSE | ER36: FALSE | ES36: FALSE | EW36: FALSE | EX36: FALSE | EY36: FALSE | EZ36: FALSE | FD36: FALSE | FE36: FALSE | FF36: FALSE | FG36: FALSE | FK36: FALSE | FL36: FALSE | FM36: FALSE | FN36: FALSE | FR36: FALSE | FS36: FALSE | FT36: FALSE | FU36: FALSE | FY36: FALSE | FZ36: FALSE | GA36: FALSE | GB36: FALSE | GF36: FALSE | GG36: FALSE | GH36: FALSE | GI36: FALSE | GM36: FALSE | GN36: FALSE | GO36: FALSE | GP36: FALSE | GT36: FALSE | GU36: FALSE | GV36: FALSE | GW36: FALSE | HA36: FALSE | HB36: FALSE | HC36: FALSE | HD36: FALSE | HH36: FALSE | HI36: FALSE | HJ36: FALSE | HK36: FALSE | HO36: FALSE | HP36: FALSE | HQ36: FALSE | HR36: FALSE | HV36: FALSE | HW36: FALSE | HX36: FALSE | HY36: FALSE | IC36: FALSE | ID36: FALSE | IE36: FALSE | IF36: FALSE | IJ36: FALSE | IK36: FALSE | IL36: FALSE | IM36: FALSE | IQ36: FALSE | IR36: FALSE | IS36: FALSE | IT36: FALSE
C37: 28 | F37: FALSE | G37: FALSE | H37: FALSE | I37: FALSE | M37: FALSE | N37: FALSE | O37: FALSE | P37: FALSE | T37: FALSE | U37: FALSE | V37: FALSE | W37: FALSE | AA37: FALSE | AB37: FALSE | AC37: FALSE | AD37: FALSE | AH37: FALSE | AI37: FALSE | AJ37: FALSE | AK37: FALSE | AO37: FALSE | AP37: FALSE | AQ37: FALSE | AR37: FALSE | AV37: FALSE | AW37: FALSE | AX37: FALSE | AY37: FALSE | BC37: FALSE | BD37: FALSE | BE37: FALSE | BF37: FALSE | BJ37: FALSE | BK37: FALSE | BL37: FALSE | BM37: FALSE | BQ37: FALSE | BR37: FALSE | BS37: FALSE | BT37: FALSE | BX37: FALSE | BY37: FALSE | BZ37: FALSE | CA37: FALSE | CE37: FALSE | CF37: FALSE | CG37: FALSE | CH37: FALSE | CL37: FALSE | CM37: FALSE | CN37: FALSE | CO37: FALSE | CS37: FALSE | CT37: FALSE | CU37: FALSE | CV37: FALSE | CZ37: FALSE | DA37: FALSE | DB37: FALSE | DC37: FALSE | DG37: FALSE | DH37: FALSE | DI37: FALSE | DJ37: FALSE | DN37: FALSE | DO37: FALSE | DP37: FALSE | DQ37: FALSE | DU37: FALSE | DV37: FALSE | DW37: FALSE | DX37: FALSE | EB37: FALSE | EC37: FALSE | ED37: FALSE | EE37: FALSE | EI37: FALSE | EJ37: FALSE | EK37: FALSE | EL37: FALSE | EP37: FALSE | EQ37: FALSE | ER37: FALSE | ES37: FALSE | EW37: FALSE | EX37: FALSE | EY37: FALSE | EZ37: FALSE | FD37: FALSE | FE37: FALSE | FF37: FALSE | FG37: FALSE | FK37: FALSE | FL37: FALSE | FM37: FALSE | FN37: FALSE | FR37: FALSE | FS37: FALSE | FT37: FALSE | FU37: FALSE | FY37: FALSE | FZ37: FALSE | GA37: FALSE | GB37: FALSE | GF37: FALSE | GG37: FALSE | GH37: FALSE | GI37: FALSE | GM37: FALSE | GN37: FALSE | GO37: FALSE | GP37: FALSE | GT37: FALSE | GU37: FALSE | GV37: FALSE | GW37: FALSE | HA37: FALSE | HB37: FALSE | HC37: FALSE | HD37: FALSE | HH37: FALSE | HI37: FALSE | HJ37: FALSE | HK37: FALSE | HO37: FALSE | HP37: FALSE | HQ37: FALSE | HR37: FALSE | HV37: FALSE | HW37: FALSE | HX37: FALSE | HY37: FALSE | IC37: FALSE | ID37: FALSE | IE37: FALSE | IF37: FALSE | IJ37: FALSE | IK37: FALSE | IL37: FALSE | IM37: FALSE | IQ37: FALSE | IR37: FALSE | IS37: FALSE | IT37: FALSE
C38: 29 | F38: FALSE | G38: FALSE | H38: FALSE | I38: FALSE | M38: FALSE | N38: FALSE | O38: FALSE | P38: FALSE | T38: FALSE | U38: FALSE | V38: FALSE | W38: FALSE | AA38: FALSE | AB38: FALSE | AC38: FALSE | AD38: FALSE | AH38: FALSE | AI38: FALSE | AJ38: FALSE | AK38: FALSE | AO38: FALSE | AP38: FALSE | AQ38: FALSE | AR38: FALSE | AV38: FALSE | AW38: FALSE | AX38: FALSE | AY38: FALSE | BC38: FALSE | BD38: FALSE | BE38: FALSE | BF38: FALSE | BJ38: FALSE | BK38: FALSE | BL38: FALSE | BM38: FALSE | BQ38: FALSE | BR38: FALSE | BS38: FALSE | BT38: FALSE | BX38: FALSE | BY38: FALSE | BZ38: FALSE | CA38: FALSE | CE38: FALSE | CF38: FALSE | CG38: FALSE | CH38: FALSE | CL38: FALSE | CM38: FALSE | CN38: FALSE | CO38: FALSE | CS38: FALSE | CT38: FALSE | CU38: FALSE | CV38: FALSE | CZ38: FALSE | DA38: FALSE | DB38: FALSE | DC38: FALSE | DG38: FALSE | DH38: FALSE | DI38: FALSE | DJ38: FALSE | DN38: FALSE | DO38: FALSE | DP38: FALSE | DQ38: FALSE | DU38: FALSE | DV38: FALSE | DW38: FALSE | DX38: FALSE | EB38: FALSE | EC38: FALSE | ED38: FALSE | EE38: FALSE | EI38: FALSE | EJ38: FALSE | EK38: FALSE | EL38: FALSE | EP38: FALSE | EQ38: FALSE | ER38: FALSE | ES38: FALSE | EW38: FALSE | EX38: FALSE | EY38: FALSE | EZ38: FALSE | FD38: FALSE | FE38: FALSE | FF38: FALSE | FG38: FALSE | FK38: FALSE | FL38: FALSE | FM38: FALSE | FN38: FALSE | FR38: FALSE | FS38: FALSE | FT38: FALSE | FU38: FALSE | FY38: FALSE | FZ38: FALSE | GA38: FALSE | GB38: FALSE | GF38: FALSE | GG38: FALSE | GH38: FALSE | GI38: FALSE | GM38: FALSE | GN38: FALSE | GO38: FALSE | GP38: FALSE | GT38: FALSE | GU38: FALSE | GV38: FALSE | GW38: FALSE | HA38: FALSE | HB38: FALSE | HC38: FALSE | HD38: FALSE | HH38: FALSE | HI38: FALSE | HJ38: FALSE | HK38: FALSE | HO38: FALSE | HP38: FALSE | HQ38: FALSE | HR38: FALSE | HV38: FALSE | HW38: FALSE | HX38: FALSE | HY38: FALSE | IC38: FALSE | ID38: FALSE | IE38: FALSE | IF38: FALSE | IJ38: FALSE | IK38: FALSE | IL38: FALSE | IM38: FALSE | IQ38: FALSE | IR38: FALSE | IS38: FALSE | IT38: FALSE
C39: 30 | F39: FALSE | G39: FALSE | H39: FALSE | I39: FALSE | M39: FALSE | N39: FALSE | O39: FALSE | P39: FALSE | T39: FALSE | U39: FALSE | V39: FALSE | W39: FALSE | AA39: FALSE | AB39: FALSE | AC39: FALSE | AD39: FALSE | AH39: FALSE | AI39: FALSE | AJ39: FALSE | AK39: FALSE | AO39: FALSE | AP39: FALSE | AQ39: FALSE | AR39: FALSE | AV39: FALSE | AW39: FALSE | AX39: FALSE | AY39: FALSE | BC39: FALSE | BD39: FALSE | BE39: FALSE | BF39: FALSE | BJ39: FALSE | BK39: FALSE | BL39: FALSE | BM39: FALSE | BQ39: FALSE | BR39: FALSE | BS39: FALSE | BT39: FALSE | BX39: FALSE | BY39: FALSE | BZ39: FALSE | CA39: FALSE | CE39: FALSE | CF39: FALSE | CG39: FALSE | CH39: FALSE | CL39: FALSE | CM39: FALSE | CN39: FALSE | CO39: FALSE | CS39: FALSE | CT39: FALSE | CU39: FALSE | CV39: FALSE | CZ39: FALSE | DA39: FALSE | DB39: FALSE | DC39: FALSE | DG39: FALSE | DH39: FALSE | DI39: FALSE | DJ39: FALSE | DN39: FALSE | DO39: FALSE | DP39: FALSE | DQ39: FALSE | DU39: FALSE | DV39: FALSE | DW39: FALSE | DX39: FALSE | EB39: FALSE | EC39: FALSE | ED39: FALSE | EE39: FALSE | EI39: FALSE | EJ39: FALSE | EK39: FALSE | EL39: FALSE | EP39: FALSE | EQ39: FALSE | ER39: FALSE | ES39: FALSE | EW39: FALSE | EX39: FALSE | EY39: FALSE | EZ39: FALSE | FD39: FALSE | FE39: FALSE | FF39: FALSE | FG39: FALSE | FK39: FALSE | FL39: FALSE | FM39: FALSE | FN39: FALSE | FR39: FALSE | FS39: FALSE | FT39: FALSE | FU39: FALSE | FY39: FALSE | FZ39: FALSE | GA39: FALSE | GB39: FALSE | GF39: FALSE | GG39: FALSE | GH39: FALSE | GI39: FALSE | GM39: FALSE | GN39: FALSE | GO39: FALSE | GP39: FALSE | GT39: FALSE | GU39: FALSE | GV39: FALSE | GW39: FALSE | HA39: FALSE | HB39: FALSE | HC39: FALSE | HD39: FALSE | HH39: FALSE | HI39: FALSE | HJ39: FALSE | HK39: FALSE | HO39: FALSE | HP39: FALSE | HQ39: FALSE | HR39: FALSE | HV39: FALSE | HW39: FALSE | HX39: FALSE | HY39: FALSE | IC39: FALSE | ID39: FALSE | IE39: FALSE | IF39: FALSE | IJ39: FALSE | IK39: FALSE | IL39: FALSE | IM39: FALSE | IQ39: FALSE | IR39: FALSE | IS39: FALSE | IT39: FALSE
A44: Intelliquip use only below this line
C46: Factor | E46: Conversion
A47: Flow: | B47: m3/h | C47: 4.40286764029913 | E47: =IF(B1="USgpm",IF(B47="USgpm",1,IF(B47="m3/h",1/C47)),IF(B1="m3/h",IF(B47="m3/h",1,IF(B47="USgpm",C47)))) -> 0.2271247
A48: Head: | B48: m | C48: 3.28083989501312 | E48: =IF(B2="ft",IF(B48="ft",1,IF(B48="m",1/C48)),IF(B2="m",IF(B48="m",1,IF(B48="ft",C48)))) -> 0.3048
A49: Diameter: | B49: mm | C49: 0.039370079 | E49: =IF(B3="inch",IF(B49="inch",1,IF(B49="mm",1/C49)),IF(B3="mm",IF(B49="mm",1,IF(B49="inch",C49)))) -> 25.4
A50: Power: | B50: kW | C50: 1.3410218586563 | E50: =IF(B4="hp",IF(B50="hp",1,IF(B50="kW",1/C50)),IF(B4="kW",IF(B50="kW",1,IF(B50="hp",C50)))) -> 0.7457
A51: Pwr or Eta: | B51: =B5 -> Power
D53: =$A$56 | E53: =IF(E$7="","",E$7*$E$47) -> 0 | H53: =H7 -> FALSE | K53: =IF(K$7="","",K$7*$E$47) -> 0 | L53: =IF(L$7="","",L$7*$E$47) -> 0 | M53: =IF(M$7="","",M$7*$E$47) -> 0 | N53: =IF(N$7="","",N$7) -> 0 | O53: =O7 -> FALSE | R53: =IF(R$7="","",R$7*$E$47) -> 0 | S53: =IF(S$7="","",S$7*$E$50) | V53: =V7 -> FALSE | Y53: =$A$57 | Z53: =IF(Z$7="","",Z$7*$E$47) -> 0 | AF53: =IF(AF$7="","",AF$7*$E$47) -> 0 | AG53: =IF(AG$7="","",AG$7*$E$47) -> 0 | AH53: =IF(AH$7="","",AH$7*$E$47) -> 0 | AI53: =IF(AI$7="","",AI$7) -> 0 | AM53: =IF(AM$7="","",AM$7*$E$47) -> 0 | AN53: =IF(AN$7="","",AN$7*$E$50) | AO53: =IF(AO$7="","",AO$7*$E$47) | AP53: =IF(AP$7="","",AP$7*$E$47) | AQ53: =IF(AQ$7="","",AQ$7*$E$47) -> #VALUE! | AR53: =IF(AR$7="","",AR$7*$E$47) | AS53: =IF(AS$7="","",AS$7*$E$47) | AT53: =$A$58 | AU53: =IF(AU$7="","",AU$7*$E$47) -> 0 | BA53: =IF(BA$7="","",BA$7*$E$47) -> 0 | BB53: =IF(BB$7="","",BB$7*$E$47) -> 0 | BC53: =IF(BC$7="","",BC$7*$E$47) -> 0 | BD53: =IF(BD$7="","",BD$7) -> 0 | BH53: =IF(BH$7="","",BH$7*$E$47) -> 0 | BI53: =IF(BI$7="","",BI$7*$E$50) | BJ53: =IF(BJ$7="","",BJ$7*$E$47) | BK53: =IF(BK$7="","",BK$7*$E$47) | BL53: =IF(BL$7="","",BL$7*$E$47) -> #VALUE! | BM53: =IF(BM$7="","",BM$7*$E$47) | BN53: =IF(BN$7="","",BN$7*$E$47) | BO53: =$A$59 | BP53: =IF(BP$7="","",BP$7*$E$47) | BV53: =IF(BV$7="","",BV$7*$E$47) | BW53: =IF(BW$7="","",BW$7*$E$47) | BX53: =IF(BX$7="","",BX$7*$E$47) | BY53: =IF(BY$7="","",BY$7) | CC53: =IF(CC$7="","",CC$7*$E$47) | CD53: =IF(CD$7="","",CD$7*$E$50) | CE53: =IF(CE$7="","",CE$7*$E$47) | CF53: =IF(CF$7="","",CF$7*$E$47) | CG53: =IF(CG$7="","",CG$7*$E$47) | CH53: =IF(CH$7="","",CH$7*$E$47) | CI53: =IF(CI$7="","",CI$7*$E$47) | CJ53: =$A$60 | CK53: =IF(CK$7="","",CK$7*$E$47) | CQ53: =IF(CQ$7="","",CQ$7*$E$47) | CR53: =IF(CR$7="","",CR$7*$E$47) | CS53: =IF(CS$7="","",CS$7*$E$47) | CT53: =IF(CT$7="","",CT$7) | CX53: =IF(CX$7="","",CX$7*$E$47) | CY53: =IF(CY$7="","",CY$7*$E$50) | CZ53: =IF(CZ$7="","",CZ$7*$E$47) | DA53: =IF(DA$7="","",DA$7*$E$47) | DB53: =IF(DB$7="","",DB$7*$E$47) | DC53: =IF(DC$7="","",DC$7*$E$47) | DD53: =IF(DD$7="","",DD$7*$E$47) | DE53: =$A$61 | DF53: =IF(DF$7="","",DF$7*$E$47) | DL53: =IF(DL$7="","",DL$7*$E$47) | DM53: =IF(DM$7="","",DM$7*$E$47) | DN53: =IF(DN$7="","",DN$7*$E$47) | DO53: =IF(DO$7="","",DO$7) | DS53: =IF(DS$7="","",DS$7*$E$47) | DT53: =IF(DT$7="","",DT$7*$E$50) | DU53: =IF(DU$7="","",DU$7*$E$47) | DV53: =IF(DV$7="","",DV$7*$E$47) | DW53: =IF(DW$7="","",DW$7*$E$47) | DX53: =IF(DX$7="","",DX$7*$E$47) | DY53: =IF(DY$7="","",DY$7*$E$47) | DZ53: =$A$62 | EA53: =IF(EA$7="","",EA$7*$E$47) | EG53: =IF(EG$7="","",EG$7*$E$47) | EH53: =IF(EH$7="","",EH$7*$E$47) | EI53: =IF(EI$7="","",EI$7*$E$47) | EJ53: =IF(EJ$7="","",EJ$7) | EN53: =IF(EN$7="","",EN$7*$E$47) | EO53: =IF(EO$7="","",EO$7*$E$50) | EP53: =IF(EP$7="","",EP$7*$E$47) | EQ53: =IF(EQ$7="","",EQ$7*$E$47) | ER53: =IF(ER$7="","",ER$7*$E$47) | ES53: =IF(ES$7="","",ES$7*$E$47) | ET53: =IF(ET$7="","",ET$7*$E$47) | EU53: =$A$63 | EV53: =IF(EV$7="","",EV$7*$E$47) | FB53: =IF(FB$7="","",FB$7*$E$47) | FC53: =IF(FC$7="","",FC$7*$E$47) | FD53: =IF(FD$7="","",FD$7*$E$47) | FE53: =IF(FE$7="","",FE$7) | FI53: =IF(FI$7="","",FI$7*$E$47) | FJ53: =IF(FJ$7="","",FJ$7*$E$50) | FK53: =IF(FK$7="","",FK$7*$E$47) | FL53: =IF(FL$7="","",FL$7*$E$47) | FM53: =IF(FM$7="","",FM$7*$E$47) | FN53: =IF(FN$7="","",FN$7*$E$47) | FO53: =IF(FO$7="","",FO$7*$E$47) | FP53: =$A$64 | FQ53: =IF(FQ$7="","",FQ$7*$E$47) | FW53: =IF(FW$7="","",FW$7*$E$47) | FX53: =IF(FX$7="","",FX$7*$E$47) | FY53: =IF(FY$7="","",FY$7*$E$47) | FZ53: =IF(FZ$7="","",FZ$7) | GD53: =IF(GD$7="","",GD$7*$E$47) | GE53: =IF(GE$7="","",GE$7*$E$50) | GF53: =IF(GF$7="","",GF$7*$E$47) | GG53: =IF(GG$7="","",GG$7*$E$47) | GH53: =IF(GH$7="","",GH$7*$E$47) | GI53: =IF(GI$7="","",GI$7*$E$47) | GJ53: =IF(GJ$7="","",GJ$7*$E$47) | GK53: =$A$65 | GL53: =IF(GL$7="","",GL$7*$E$47) | GR53: =IF(GR$7="","",GR$7*$E$47) | GS53: =IF(GS$7="","",GS$7*$E$47) | GT53: =IF(GT$7="","",GT$7*$E$47) | GU53: =IF(GU$7="","",GU$7) | GY53: =IF(GY$7="","",GY$7*$E$47) | GZ53: =IF(GZ$7="","",GZ$7*$E$50) | HA53: =IF(HA$7="","",HA$7*$E$47) | HB53: =IF(HB$7="","",HB$7*$E$47) | HC53: =IF(HC$7="","",HC$7*$E$47) | HD53: =IF(HD$7="","",HD$7*$E$47) | HE53: =IF(HE$7="","",HE$7*$E$47) | HF53: =$A$66 | HG53: =IF(HG$7="","",HG$7*$E$47) | HM53: =IF(HM$7="","",HM$7*$E$47) | HN53: =IF(HN$7="","",HN$7*$E$47) | HO53: =IF(HO$7="","",HO$7*$E$47) | HP53: =IF(HP$7="","",HP$7) | HT53: =IF(HT$7="","",HT$7*$E$47) | HU53: =IF(HU$7="","",HU$7*$E$50) | HV53: =IF(HV$7="","",HV$7*$E$47) | HW53: =IF(HW$7="","",HW$7*$E$47) | HX53: =IF(HX$7="","",HX$7*$E$47) | HY53: =IF(HY$7="","",HY$7*$E$47) | HZ53: =IF(HZ$7="","",HZ$7*$E$47) | IA53: =$A$67 | IB53: =IF(IB$7="","",IB$7*$E$47) | IH53: =IF(IH$7="","",IH$7*$E$47) | II53: =IF(II$7="","",II$7*$E$47) | IJ53: =IF(IJ$7="","",IJ$7*$E$47) | IK53: =IF(IK$7="","",IK$7) | IO53: =IF(IO$7="","",IO$7*$E$47) | IP53: =IF(IP$7="","",IP$7*$E$50) | IQ53: =IF(IQ$7="","",IQ$7*$E$47) | IR53: =IF(IR$7="","",IR$7*$E$47) | IS53: =IF(IS$7="","",IS$7*$E$47) | IT53: =IF(IT$7="","",IT$7*$E$47) | IU53: =IF(IU$7="","",IU$7*$E$47)
A54: Diameter | B54: Hub side dia. | D54: =D8 -> Flow | E54: =E8 -> Head | F54: =F8 -> Disabled | G54: =G8 -> On Curve | H54: =H8 -> Division Point | I54: =I8 -> Slope Enabled | J54: =J8 -> Slope Value | K54: =K8 -> Flow | ... IU54: =IU8 -> Slope Value
A55: =B49 -> mm | B55: =B49 -> mm | D55: =$B$47 -> m3/h | E55: =$B$48 -> m | K55: =$B$47 -> m3/h | L55: =IF(L54="Eta","%",$B$50) -> kW | R55: =$B$47 -> m3/h | S55: =$B$48 -> m | Y55: =$B$47 -> m3/h | Z55: =$B$48 -> m | AF55: =$B$47 -> m3/h | AG55: =IF(AG54="Eta","%",$B$50) -> kW | AM55: =$B$47 -> m3/h | AN55: =$B$48 -> m | AT55: =$B$47 -> m3/h | AU55: =$B$48 -> m | BA55: =$B$47 -> m3/h | BB55: =IF(BB54="Eta","%",$B$50) -> kW | BH55: =$B$47 -> m3/h | BI55: =$B$48 -> m | BO55: =$B$47 -> m3/h | BP55: =$B$48 -> m | BV55: =$B$47 -> m3/h | BW55: =IF(BW54="Eta","%",$B$50) -> kW | CC55: =$B$47 -> m3/h | CD55: =$B$48 -> m | CJ55: =$B$47 -> m3/h | CK55: =$B$48 -> m | CQ55: =$B$47 -> m3/h | CR55: =IF(CR54="Eta","%",$B$50) -> kW | CX55: =$B$47 -> m3/h | CY55: =$B$48 -> m | DE55: =$B$47 -> m3/h | DF55: =$B$48 -> m | DL55: =$B$47 -> m3/h | DM55: =IF(DM54="Eta","%",$B$50) -> kW | DS55: =$B$47 -> m3/h | DT55: =$B$48 -> m | DZ55: =$B$47 -> m3/h | EA55: =$B$48 -> m | EG55: =$B$47 -> m3/h | EH55: =IF(EH54="Eta","%",$B$50) -> kW | EN55: =$B$47 -> m3/h | EO55: =$B$48 -> m | EU55: =$B$47 -> m3/h | EV55: =$B$48 -> m | FB55: =$B$47 -> m3/h | FC55: =IF(FC54="Eta","%",$B$50) -> kW | FI55: =$B$47 -> m3/h | FJ55: =$B$48 -> m | FP55: =$B$47 -> m3/h | FQ55: =$B$48 -> m | FW55: =$B$47 -> m3/h | FX55: =IF(FX54="Eta","%",$B$50) -> kW | GD55: =$B$47 -> m3/h | GE55: =$B$48 -> m | GK55: =$B$47 -> m3/h | GL55: =$B$48 -> m | GR55: =$B$47 -> m3/h | GS55: =IF(GS54="Eta","%",$B$50) -> kW | GY55: =$B$47 -> m3/h | GZ55: =$B$48 -> m | HF55: =$B$47 -> m3/h | HG55: =$B$48 -> m | HM55: =$B$47 -> m3/h | HN55: =IF(HN54="Eta","%",$B$50) -> kW | HT55: =$B$47 -> m3/h | HU55: =$B$48 -> m | IA55: =$B$47 -> m3/h | IB55: =$B$48 -> m | IH55: =$B$47 -> m3/h | II55: =IF(II54="Eta","%",$B$50) -> kW | IO55: =$B$47 -> m3/h | IP55: =$B$48 -> m
A56: =IF(A10="","",A10*$E$49) | B56: =IF(B10="","",B10*$E$49) | C56: 1 | D56: =IF(D10="","",D10*$E$47) | E56: =IF(E10="","",E10*$E$48) | F56: =F10 -> FALSE | G56: =G10 -> FALSE | H56: =H10 -> FALSE | I56: =I10 -> FALSE | J56: =IF(J10="","",J10) | K56: =IF(K10="","",K10*$E$47) | L56: =IF(L10="","",IF(L$54="Eta",L10,L10*$E$50)) | M56: =M10 -> FALSE | N56: =N10 -> FALSE | O56: =O10 -> FALSE | P56: =P10 -> FALSE | Q56: =IF(Q10="","",Q10) | R56: =IF(R10="","",R10*$E$47) | S56: =IF(S10="","",S10*$E$48) | T56: =T10 -> FALSE | U56: =U10 -> FALSE | V56: =V10 -> FALSE | W56: =W10 -> FALSE | X56: =IF(X10="","",X10) | Y56: =IF(Y10="","",Y10*$E$47) | Z56: =IF(Z10="","",Z10*$E$48) | AA56: =AA10 -> FALSE | AB56: =AB10 -> FALSE | AC56: =AC10 -> FALSE | AD56: =AD10 -> FALSE | AE56: =IF(AE10="","",AE10) | AF56: =IF(AF10="","",AF10*$E$47) | AG56: =IF(AG10="","",IF(AG$54="Eta",AG10,AG10*$E$50)) | AH56: =AH10 -> FALSE | AI56: =AI10 -> FALSE | AJ56: =AJ10 -> FALSE | AK56: =AK10 -> FALSE | AL56: =IF(AL10="","",AL10) | AM56: =IF(AM10="","",AM10*$E$47) | AN56: =IF(AN10="","",AN10*$E$48) | AO56: =AO10 -> FALSE | AP56: =AP10 -> FALSE | AQ56: =AQ10 -> FALSE | AR56: =AR10 -> FALSE | AS56: =IF(AS10="","",AS10) | AT56: =IF(AT10="","",AT10*$E$47) | AU56: =IF(AU10="","",AU10*$E$48) | AV56: =AV10 -> FALSE | AW56: =AW10 -> FALSE | AX56: =AX10 -> FALSE | AY56: =AY10 -> FALSE | AZ56: =IF(AZ10="","",AZ10) | BA56: =IF(BA10="","",BA10*$E$47) | BB56: =IF(BB10="","",IF(BB$54="Eta",BB10,BB10*$E$50)) | BC56: =BC10 -> FALSE | BD56: =BD10 -> FALSE | BE56: =BE10 -> FALSE | BF56: =BF10 -> FALSE | BG56: =IF(BG10="","",BG10) | BH56: =IF(BH10="","",BH10*$E$47) | BI56: =IF(BI10="","",BI10*$E$48) | BJ56: =BJ10 -> FALSE | BK56: =BK10 -> FALSE | BL56: =BL10 -> FALSE | BM56: =BM10 -> FALSE | BN56: =IF(BN10="","",BN10) | BO56: =IF(BO10="","",BO10*$E$47) | BP56: =IF(BP10="","",BP10*$E$48) | BQ56: =BQ10 -> FALSE | BR56: =BR10 -> FALSE | BS56: =BS10 -> FALSE | BT56: =BT10 -> FALSE | BU56: =IF(BU10="","",BU10) | BV56: =IF(BV10="","",BV10*$E$47) | BW56: =IF(BW10="","",IF(BW$54="Eta",BW10,BW10*$E$50)) | BX56: =BX10 -> FALSE | BY56: =BY10 -> FALSE | BZ56: =BZ10 -> FALSE | CA56: =CA10 -> FALSE | CB56: =IF(CB10="","",CB10) | CC56: =IF(CC10="","",CC10*$E$47) | CD56: =IF(CD10="","",CD10*$E$48) | CE56: =CE10 -> FALSE | CF56: =CF10 -> FALSE | CG56: =CG10 -> FALSE | CH56: =CH10 -> FALSE | CI56: =IF(CI10="","",CI10) | CJ56: =IF(CJ10="","",CJ10*$E$47) | CK56: =IF(CK10="","",CK10*$E$48) | CL56: =CL10 -> FALSE | CM56: =CM10 -> FALSE | CN56: =CN10 -> FALSE | CO56: =CO10 -> FALSE | CP56: =IF(CP10="","",CP10) | CQ56: =IF(CQ10="","",CQ10*$E$47) | CR56: =IF(CR10="","",IF(CR$54="Eta",CR10,CR10*$E$50)) | CS56: =CS10 -> FALSE | CT56: =CT10 -> FALSE | CU56: =CU10 -> FALSE | CV56: =CV10 -> FALSE | CW56: =IF(CW10="","",CW10) | CX56: =IF(CX10="","",CX10*$E$47) | CY56: =IF(CY10="","",CY10*$E$48) | CZ56: =CZ10 -> FALSE | DA56: =DA10 -> FALSE | DB56: =DB10 -> FALSE | DC56: =DC10 -> FALSE | DD56: =IF(DD10="","",DD10) | DE56: =IF(DE10="","",DE10*$E$47) | DF56: =IF(DF10="","",DF10*$E$48) | DG56: =DG10 -> FALSE | DH56: =DH10 -> FALSE | DI56: =DI10 -> FALSE | DJ56: =DJ10 -> FALSE | DK56: =IF(DK10="","",DK10) | DL56: =IF(DL10="","",DL10*$E$47) | DM56: =IF(DM10="","",IF(DM$54="Eta",DM10,DM10*$E$50)) | DN56: =DN10 -> FALSE | DO56: =DO10 -> FALSE | DP56: =DP10 -> FALSE | DQ56: =DQ10 -> FALSE | DR56: =IF(DR10="","",DR10) | DS56: =IF(DS10="","",DS10*$E$47) | DT56: =IF(DT10="","",DT10*$E$48) | DU56: =DU10 -> FALSE | DV56: =DV10 -> FALSE | DW56: =DW10 -> FALSE | DX56: =DX10 -> FALSE | DY56: =IF(DY10="","",DY10) | DZ56: =IF(DZ10="","",DZ10*$E$47) | EA56: =IF(EA10="","",EA10*$E$48) | EB56: =EB10 -> FALSE | EC56: =EC10 -> FALSE | ED56: =ED10 -> FALSE | EE56: =EE10 -> FALSE | EF56: =IF(EF10="","",EF10) | EG56: =IF(EG10="","",EG10*$E$47) | EH56: =IF(EH10="","",IF(EH$54="Eta",EH10,EH10*$E$50)) | EI56: =EI10 -> FALSE | EJ56: =EJ10 -> FALSE | EK56: =EK10 -> FALSE | EL56: =EL10 -> FALSE | EM56: =IF(EM10="","",EM10) | EN56: =IF(EN10="","",EN10*$E$47) | EO56: =IF(EO10="","",EO10*$E$48) | EP56: =EP10 -> FALSE | EQ56: =EQ10 -> FALSE | ER56: =ER10 -> FALSE | ES56: =ES10 -> FALSE | ET56: =IF(ET10="","",ET10) | EU56: =IF(EU10="","",EU10*$E$47) | EV56: =IF(EV10="","",EV10*$E$48) | EW56: =EW10 -> FALSE | EX56: =EX10 -> FALSE | EY56: =EY10 -> FALSE | EZ56: =EZ10 -> FALSE | FA56: =IF(FA10="","",FA10) | FB56: =IF(FB10="","",FB10*$E$47) | FC56: =IF(FC10="","",IF(FC$54="Eta",FC10,FC10*$E$50)) | FD56: =FD10 -> FALSE | FE56: =FE10 -> FALSE | FF56: =FF10 -> FALSE | FG56: =FG10 -> FALSE | FH56: =IF(FH10="","",FH10) | FI56: =IF(FI10="","",FI10*$E$47) | FJ56: =IF(FJ10="","",FJ10*$E$48) | FK56: =FK10 -> FALSE | FL56: =FL10 -> FALSE | FM56: =FM10 -> FALSE | FN56: =FN10 -> FALSE | FO56: =IF(FO10="","",FO10) | FP56: =IF(FP10="","",FP10*$E$47) | FQ56: =IF(FQ10="","",FQ10*$E$48) | FR56: =FR10 -> FALSE | FS56: =FS10 -> FALSE | FT56: =FT10 -> FALSE | FU56: =FU10 -> FALSE | FV56: =IF(FV10="","",FV10) | FW56: =IF(FW10="","",FW10*$E$47) | FX56: =IF(FX10="","",IF(FX$54="Eta",FX10,FX10*$E$50)) | FY56: =FY10 -> FALSE | FZ56: =FZ10 -> FALSE | GA56: =GA10 -> FALSE | GB56: =GB10 -> FALSE | GC56: =IF(GC10="","",GC10) | GD56: =IF(GD10="","",GD10*$E$47) | GE56: =IF(GE10="","",GE10*$E$48) | GF56: =GF10 -> FALSE | GG56: =GG10 -> FALSE | GH56: =GH10 -> FALSE | GI56: =GI10 -> FALSE | GJ56: =IF(GJ10="","",GJ10) | GK56: =IF(GK10="","",GK10*$E$47) | GL56: =IF(GL10="","",GL10*$E$48) | GM56: =GM10 -> FALSE | GN56: =GN10 -> FALSE | GO56: =GO10 -> FALSE | GP56: =GP10 -> FALSE | GQ56: =IF(GQ10="","",GQ10) | GR56: =IF(GR10="","",GR10*$E$47) | GS56: =IF(GS10="","",IF(GS$54="Eta",GS10,GS10*$E$50)) | GT56: =GT10 -> FALSE | GU56: =GU10 -> FALSE | GV56: =GV10 -> FALSE | GW56: =GW10 -> FALSE | GX56: =IF(GX10="","",GX10) | GY56: =IF(GY10="","",GY10*$E$47) | GZ56: =IF(GZ10="","",GZ10*$E$48) | HA56: =HA10 -> FALSE | HB56: =HB10 -> FALSE | HC56: =HC10 -> FALSE | HD56: =HD10 -> FALSE | HE56: =IF(HE10="","",HE10) | HF56: =IF(HF10="","",HF10*$E$47) | HG56: =IF(HG10="","",HG10*$E$48) | HH56: =HH10 -> FALSE | HI56: =HI10 -> FALSE | HJ56: =HJ10 -> FALSE | HK56: =HK10 -> FALSE | HL56: =IF(HL10="","",HL10) | HM56: =IF(HM10="","",HM10*$E$47) | HN56: =IF(HN10="","",IF(HN$54="Eta",HN10,HN10*$E$50)) | HO56: =HO10 -> FALSE | HP56: =HP10 -> FALSE | HQ56: =HQ10 -> FALSE | HR56: =HR10 -> FALSE | HS56: =IF(HS10="","",HS10) | HT56: =IF(HT10="","",HT10*$E$47) | HU56: =IF(HU10="","",HU10*$E$48) | HV56: =HV10 -> FALSE | HW56: =HW10 -> FALSE | HX56: =HX10 -> FALSE | HY56: =HY10 -> FALSE | HZ56: =IF(HZ10="","",HZ10) | IA56: =IF(IA10="","",IA10*$E$47) | IB56: =IF(IB10="","",IB10*$E$48) | IC56: =IC10 -> FALSE | ID56: =ID10 -> FALSE | IE56: =IE10 -> FALSE | IF56: =IF10 -> FALSE | IG56: =IF(IG10="","",IG10) | IH56: =IF(IH10="","",IH10*$E$47) | II56: =IF(II10="","",IF(II$54="Eta",II10,II10*$E$50)) | IJ56: =IJ10 -> FALSE | IK56: =IK10 -> FALSE | IL56: =IL10 -> FALSE | IM56: =IM10 -> FALSE | IN56: =IF(IN10="","",IN10) | IO56: =IF(IO10="","",IO10*$E$47) | IP56: =IF(IP10="","",IP10*$E$48) | IQ56: =IQ10 -> FALSE | IR56: =IR10 -> FALSE | IS56: =IS10 -> FALSE | IT56: =IT10 -> FALSE | IU56: =IF(IU10="","",IU10)
A57: =IF(A11="","",A11*$E$49) | B57: =IF(B11="","",B11*$E$49) | C57: 2 | D57: =IF(D11="","",D11*$E$47) | E57: =IF(E11="","",E11*$E$48) | F57: =F11 -> FALSE | G57: =G11 -> FALSE | H57: =H11 -> FALSE | I57: =I11 -> FALSE | J57: =IF(J11="","",J11) | K57: =IF(K11="","",K11*$E$47) | L57: =IF(L11="","",IF(L$54="Eta",L11,L11*$E$50)) | M57: =M11 -> FALSE | N57: =N11 -> FALSE | O57: =O11 -> FALSE | P57: =P11 -> FALSE | Q57: =IF(Q11="","",Q11) | R57: =IF(R11="","",R11*$E$47) | S57: =IF(S11="","",S11*$E$48) | T57: =T11 -> FALSE | U57: =U11 -> FALSE | V57: =V11 -> FALSE | W57: =W11 -> FALSE | X57: =IF(X11="","",X11) | Y57: =IF(Y11="","",Y11*$E$47) | Z57: =IF(Z11="","",Z11*$E$48) | AA57: =AA11 -> FALSE | AB57: =AB11 -> FALSE | AC57: =AC11 -> FALSE | AD57: =AD11 -> FALSE | AE57: =IF(AE11="","",AE11) | AF57: =IF(AF11="","",AF11*$E$47) | AG57: =IF(AG11="","",IF(AG$54="Eta",AG11,AG11*$E$50)) | AH57: =AH11 -> FALSE | AI57: =AI11 -> FALSE | AJ57: =AJ11 -> FALSE | AK57: =AK11 -> FALSE | AL57: =IF(AL11="","",AL11) | AM57: =IF(AM11="","",AM11*$E$47) | AN57: =IF(AN11="","",AN11*$E$48) | AO57: =AO11 -> FALSE | AP57: =AP11 -> FALSE | AQ57: =AQ11 -> FALSE | AR57: =AR11 -> FALSE | AS57: =IF(AS11="","",AS11) | AT57: =IF(AT11="","",AT11*$E$47) | AU57: =IF(AU11="","",AU11*$E$48) | AV57: =AV11 -> FALSE | AW57: =AW11 -> FALSE | AX57: =AX11 -> FALSE | AY57: =AY11 -> FALSE | AZ57: =IF(AZ11="","",AZ11) | BA57: =IF(BA11="","",BA11*$E$47) | BB57: =IF(BB11="","",IF(BB$54="Eta",BB11,BB11*$E$50)) | BC57: =BC11 -> FALSE | BD57: =BD11 -> FALSE | BE57: =BE11 -> FALSE | BF57: =BF11 -> FALSE | BG57: =IF(BG11="","",BG11) | BH57: =IF(BH11="","",BH11*$E$47) | BI57: =IF(BI11="","",BI11*$E$48) | BJ57: =BJ11 -> FALSE | BK57: =BK11 -> FALSE | BL57: =BL11 -> FALSE | BM57: =BM11 -> FALSE | BN57: =IF(BN11="","",BN11) | BO57: =IF(BO11="","",BO11*$E$47) | BP57: =IF(BP11="","",BP11*$E$48) | BQ57: =BQ11 -> FALSE | BR57: =BR11 -> FALSE | BS57: =BS11 -> FALSE | BT57: =BT11 -> FALSE | BU57: =IF(BU11="","",BU11) | BV57: =IF(BV11="","",BV11*$E$47) | BW57: =IF(BW11="","",IF(BW$54="Eta",BW11,BW11*$E$50)) | BX57: =BX11 -> FALSE | BY57: =BY11 -> FALSE | BZ57: =BZ11 -> FALSE | CA57: =CA11 -> FALSE | CB57: =IF(CB11="","",CB11) | CC57: =IF(CC11="","",CC11*$E$47) | CD57: =IF(CD11="","",CD11*$E$48) | CE57: =CE11 -> FALSE | CF57: =CF11 -> FALSE | CG57: =CG11 -> FALSE | CH57: =CH11 -> FALSE | CI57: =IF(CI11="","",CI11) | CJ57: =IF(CJ11="","",CJ11*$E$47) | CK57: =IF(CK11="","",CK11*$E$48) | CL57: =CL11 -> FALSE | CM57: =CM11 -> FALSE | CN57: =CN11 -> FALSE | CO57: =CO11 -> FALSE | CP57: =IF(CP11="","",CP11) | CQ57: =IF(CQ11="","",CQ11*$E$47) | CR57: =IF(CR11="","",IF(CR$54="Eta",CR11,CR11*$E$50)) | CS57: =CS11 -> FALSE | CT57: =CT11 -> FALSE | CU57: =CU11 -> FALSE | CV57: =CV11 -> FALSE | CW57: =IF(CW11="","",CW11) | CX57: =IF(CX11="","",CX11*$E$47) | CY57: =IF(CY11="","",CY11*$E$48) | CZ57: =CZ11 -> FALSE | DA57: =DA11 -> FALSE | DB57: =DB11 -> FALSE | DC57: =DC11 -> FALSE | DD57: =IF(DD11="","",DD11) | DE57: =IF(DE11="","",DE11*$E$47) | DF57: =IF(DF11="","",DF11*$E$48) | DG57: =DG11 -> FALSE | DH57: =DH11 -> FALSE | DI57: =DI11 -> FALSE | DJ57: =DJ11 -> FALSE | DK57: =IF(DK11="","",DK11) | DL57: =IF(DL11="","",DL11*$E$47) | DM57: =IF(DM11="","",IF(DM$54="Eta",DM11,DM11*$E$50)) | DN57: =DN11 -> FALSE | DO57: =DO11 -> FALSE | DP57: =DP11 -> FALSE | DQ57: =DQ11 -> FALSE | DR57: =IF(DR11="","",DR11) | DS57: =IF(DS11="","",DS11*$E$47) | DT57: =IF(DT11="","",DT11*$E$48) | DU57: =DU11 -> FALSE | DV57: =DV11 -> FALSE | DW57: =DW11 -> FALSE | DX57: =DX11 -> FALSE | DY57: =IF(DY11="","",DY11) | DZ57: =IF(DZ11="","",DZ11*$E$47) | EA57: =IF(EA11="","",EA11*$E$48) | EB57: =EB11 -> FALSE | EC57: =EC11 -> FALSE | ED57: =ED11 -> FALSE | EE57: =EE11 -> FALSE | EF57: =IF(EF11="","",EF11) | EG57: =IF(EG11="","",EG11*$E$47) | EH57: =IF(EH11="","",IF(EH$54="Eta",EH11,EH11*$E$50)) | EI57: =EI11 -> FALSE | EJ57: =EJ11 -> FALSE | EK57: =EK11 -> FALSE | EL57: =EL11 -> FALSE | EM57: =IF(EM11="","",EM11) | EN57: =IF(EN11="","",EN11*$E$47) | EO57: =IF(EO11="","",EO11*$E$48) | EP57: =EP11 -> FALSE | EQ57: =EQ11 -> FALSE | ER57: =ER11 -> FALSE | ES57: =ES11 -> FALSE | ET57: =IF(ET11="","",ET11) | EU57: =IF(EU11="","",EU11*$E$47) | EV57: =IF(EV11="","",EV11*$E$48) | EW57: =EW11 -> FALSE | EX57: =EX11 -> FALSE | EY57: =EY11 -> FALSE | EZ57: =EZ11 -> FALSE | FA57: =IF(FA11="","",FA11) | FB57: =IF(FB11="","",FB11*$E$47) | FC57: =IF(FC11="","",IF(FC$54="Eta",FC11,FC11*$E$50)) | FD57: =FD11 -> FALSE | FE57: =FE11 -> FALSE | FF57: =FF11 -> FALSE | FG57: =FG11 -> FALSE | FH57: =IF(FH11="","",FH11) | FI57: =IF(FI11="","",FI11*$E$47) | FJ57: =IF(FJ11="","",FJ11*$E$48) | FK57: =FK11 -> FALSE | FL57: =FL11 -> FALSE | FM57: =FM11 -> FALSE | FN57: =FN11 -> FALSE | FO57: =IF(FO11="","",FO11) | FP57: =IF(FP11="","",FP11*$E$47) | FQ57: =IF(FQ11="","",FQ11*$E$48) | FR57: =FR11 -> FALSE | FS57: =FS11 -> FALSE | FT57: =FT11 -> FALSE | FU57: =FU11 -> FALSE | FV57: =IF(FV11="","",FV11) | FW57: =IF(FW11="","",FW11*$E$47) | FX57: =IF(FX11="","",IF(FX$54="Eta",FX11,FX11*$E$50)) | FY57: =FY11 -> FALSE | FZ57: =FZ11 -> FALSE | GA57: =GA11 -> FALSE | GB57: =GB11 -> FALSE | GC57: =IF(GC11="","",GC11) | GD57: =IF(GD11="","",GD11*$E$47) | GE57: =IF(GE11="","",GE11*$E$48) | GF57: =GF11 -> FALSE | GG57: =GG11 -> FALSE | GH57: =GH11 -> FALSE | GI57: =GI11 -> FALSE | GJ57: =IF(GJ11="","",GJ11) | GK57: =IF(GK11="","",GK11*$E$47) | GL57: =IF(GL11="","",GL11*$E$48) | GM57: =GM11 -> FALSE | GN57: =GN11 -> FALSE | GO57: =GO11 -> FALSE | GP57: =GP11 -> FALSE | GQ57: =IF(GQ11="","",GQ11) | GR57: =IF(GR11="","",GR11*$E$47) | GS57: =IF(GS11="","",IF(GS$54="Eta",GS11,GS11*$E$50)) | GT57: =GT11 -> FALSE | GU57: =GU11 -> FALSE | GV57: =GV11 -> FALSE | GW57: =GW11 -> FALSE | GX57: =IF(GX11="","",GX11) | GY57: =IF(GY11="","",GY11*$E$47) | GZ57: =IF(GZ11="","",GZ11*$E$48) | HA57: =HA11 -> FALSE | HB57: =HB11 -> FALSE | HC57: =HC11 -> FALSE | HD57: =HD11 -> FALSE | HE57: =IF(HE11="","",HE11) | HF57: =IF(HF11="","",HF11*$E$47) | HG57: =IF(HG11="","",HG11*$E$48) | HH57: =HH11 -> FALSE | HI57: =HI11 -> FALSE | HJ57: =HJ11 -> FALSE | HK57: =HK11 -> FALSE | HL57: =IF(HL11="","",HL11) | HM57: =IF(HM11="","",HM11*$E$47) | HN57: =IF(HN11="","",IF(HN$54="Eta",HN11,HN11*$E$50)) | HO57: =HO11 -> FALSE | HP57: =HP11 -> FALSE | HQ57: =HQ11 -> FALSE | HR57: =HR11 -> FALSE | HS57: =IF(HS11="","",HS11) | HT57: =IF(HT11="","",HT11*$E$47) | HU57: =IF(HU11="","",HU11*$E$48) | HV57: =HV11 -> FALSE | HW57: =HW11 -> FALSE | HX57: =HX11 -> FALSE | HY57: =HY11 -> FALSE | HZ57: =IF(HZ11="","",HZ11) | IA57: =IF(IA11="","",IA11*$E$47) | IB57: =IF(IB11="","",IB11*$E$48) | IC57: =IC11 -> FALSE | ID57: =ID11 -> FALSE | IE57: =IE11 -> FALSE | IF57: =IF11 -> FALSE | IG57: =IF(IG11="","",IG11) | IH57: =IF(IH11="","",IH11*$E$47) | II57: =IF(II11="","",IF(II$54="Eta",II11,II11*$E$50)) | IJ57: =IJ11 -> FALSE | IK57: =IK11 -> FALSE | IL57: =IL11 -> FALSE | IM57: =IM11 -> FALSE | IN57: =IF(IN11="","",IN11) | IO57: =IF(IO11="","",IO11*$E$47) | IP57: =IF(IP11="","",IP11*$E$48) | IQ57: =IQ11 -> FALSE | IR57: =IR11 -> FALSE | IS57: =IS11 -> FALSE | IT57: =IT11 -> FALSE | IU57: =IF(IU11="","",IU11)
A58: =IF(A12="","",A12*$E$49) | B58: =IF(B12="","",B12*$E$49) | C58: 3 | D58: =IF(D12="","",D12*$E$47) | E58: =IF(E12="","",E12*$E$48) | F58: =F12 -> FALSE | G58: =G12 -> FALSE | H58: =H12 -> FALSE | I58: =I12 -> FALSE | J58: =IF(J12="","",J12) | K58: =IF(K12="","",K12*$E$47) | L58: =IF(L12="","",IF(L$54="Eta",L12,L12*$E$50)) | M58: =M12 -> FALSE | N58: =N12 -> FALSE | O58: =O12 -> FALSE | P58: =P12 -> FALSE | Q58: =IF(Q12="","",Q12) | R58: =IF(R12="","",R12*$E$47) | S58: =IF(S12="","",S12*$E$48) | T58: =T12 -> FALSE | U58: =U12 -> FALSE | V58: =V12 -> FALSE | W58: =W12 -> FALSE | X58: =IF(X12="","",X12) | Y58: =IF(Y12="","",Y12*$E$47) | Z58: =IF(Z12="","",Z12*$E$48) | AA58: =AA12 -> FALSE | AB58: =AB12 -> FALSE | AC58: =AC12 -> FALSE | AD58: =AD12 -> FALSE | AE58: =IF(AE12="","",AE12) | AF58: =IF(AF12="","",AF12*$E$47) | AG58: =IF(AG12="","",IF(AG$54="Eta",AG12,AG12*$E$50)) | AH58: =AH12 -> FALSE | AI58: =AI12 -> FALSE | AJ58: =AJ12 -> FALSE | AK58: =AK12 -> FALSE | AL58: =IF(AL12="","",AL12) | AM58: =IF(AM12="","",AM12*$E$47) | AN58: =IF(AN12="","",AN12*$E$48) | AO58: =AO12 -> FALSE | AP58: =AP12 -> FALSE | AQ58: =AQ12 -> FALSE | AR58: =AR12 -> FALSE | AS58: =IF(AS12="","",AS12) | AT58: =IF(AT12="","",AT12*$E$47) | AU58: =IF(AU12="","",AU12*$E$48) | AV58: =AV12 -> FALSE | AW58: =AW12 -> FALSE | AX58: =AX12 -> FALSE | AY58: =AY12 -> FALSE | AZ58: =IF(AZ12="","",AZ12) | BA58: =IF(BA12="","",BA12*$E$47) | BB58: =IF(BB12="","",IF(BB$54="Eta",BB12,BB12*$E$50)) | BC58: =BC12 -> FALSE | BD58: =BD12 -> FALSE | BE58: =BE12 -> FALSE | BF58: =BF12 -> FALSE | BG58: =IF(BG12="","",BG12) | BH58: =IF(BH12="","",BH12*$E$47) | BI58: =IF(BI12="","",BI12*$E$48) | BJ58: =BJ12 -> FALSE | BK58: =BK12 -> FALSE | BL58: =BL12 -> FALSE | BM58: =BM12 -> FALSE | BN58: =IF(BN12="","",BN12) | BO58: =IF(BO12="","",BO12*$E$47) | BP58: =IF(BP12="","",BP12*$E$48) | BQ58: =BQ12 -> FALSE | BR58: =BR12 -> FALSE | BS58: =BS12 -> FALSE | BT58: =BT12 -> FALSE | BU58: =IF(BU12="","",BU12) | BV58: =IF(BV12="","",BV12*$E$47) | BW58: =IF(BW12="","",IF(BW$54="Eta",BW12,BW12*$E$50)) | BX58: =BX12 -> FALSE | BY58: =BY12 -> FALSE | BZ58: =BZ12 -> FALSE | CA58: =CA12 -> FALSE | CB58: =IF(CB12="","",CB12) | CC58: =IF(CC12="","",CC12*$E$47) | CD58: =IF(CD12="","",CD12*$E$48) | CE58: =CE12 -> FALSE | CF58: =CF12 -> FALSE | CG58: =CG12 -> FALSE | CH58: =CH12 -> FALSE | CI58: =IF(CI12="","",CI12) | CJ58: =IF(CJ12="","",CJ12*$E$47) | CK58: =IF(CK12="","",CK12*$E$48) | CL58: =CL12 -> FALSE | CM58: =CM12 -> FALSE | CN58: =CN12 -> FALSE | CO58: =CO12 -> FALSE | CP58: =IF(CP12="","",CP12) | CQ58: =IF(CQ12="","",CQ12*$E$47) | CR58: =IF(CR12="","",IF(CR$54="Eta",CR12,CR12*$E$50)) | CS58: =CS12 -> FALSE | CT58: =CT12 -> FALSE | CU58: =CU12 -> FALSE | CV58: =CV12 -> FALSE | CW58: =IF(CW12="","",CW12) | CX58: =IF(CX12="","",CX12*$E$47) | CY58: =IF(CY12="","",CY12*$E$48) | CZ58: =CZ12 -> FALSE | DA58: =DA12 -> FALSE | DB58: =DB12 -> FALSE | DC58: =DC12 -> FALSE | DD58: =IF(DD12="","",DD12) | DE58: =IF(DE12="","",DE12*$E$47) | DF58: =IF(DF12="","",DF12*$E$48) | DG58: =DG12 -> FALSE | DH58: =DH12 -> FALSE | DI58: =DI12 -> FALSE | DJ58: =DJ12 -> FALSE | DK58: =IF(DK12="","",DK12) | DL58: =IF(DL12="","",DL12*$E$47) | DM58: =IF(DM12="","",IF(DM$54="Eta",DM12,DM12*$E$50)) | DN58: =DN12 -> FALSE | DO58: =DO12 -> FALSE | DP58: =DP12 -> FALSE | DQ58: =DQ12 -> FALSE | DR58: =IF(DR12="","",DR12) | DS58: =IF(DS12="","",DS12*$E$47) | DT58: =IF(DT12="","",DT12*$E$48) | DU58: =DU12 -> FALSE | DV58: =DV12 -> FALSE | DW58: =DW12 -> FALSE | DX58: =DX12 -> FALSE | DY58: =IF(DY12="","",DY12) | DZ58: =IF(DZ12="","",DZ12*$E$47) | EA58: =IF(EA12="","",EA12*$E$48) | EB58: =EB12 -> FALSE | EC58: =EC12 -> FALSE | ED58: =ED12 -> FALSE | EE58: =EE12 -> FALSE | EF58: =IF(EF12="","",EF12) | EG58: =IF(EG12="","",EG12*$E$47) | EH58: =IF(EH12="","",IF(EH$54="Eta",EH12,EH12*$E$50)) | EI58: =EI12 -> FALSE | EJ58: =EJ12 -> FALSE | EK58: =EK12 -> FALSE | EL58: =EL12 -> FALSE | EM58: =IF(EM12="","",EM12) | EN58: =IF(EN12="","",EN12*$E$47) | EO58: =IF(EO12="","",EO12*$E$48) | EP58: =EP12 -> FALSE | EQ58: =EQ12 -> FALSE | ER58: =ER12 -> FALSE | ES58: =ES12 -> FALSE | ET58: =IF(ET12="","",ET12) | EU58: =IF(EU12="","",EU12*$E$47) | EV58: =IF(EV12="","",EV12*$E$48) | EW58: =EW12 -> FALSE | EX58: =EX12 -> FALSE | EY58: =EY12 -> FALSE | EZ58: =EZ12 -> FALSE | FA58: =IF(FA12="","",FA12) | FB58: =IF(FB12="","",FB12*$E$47) | FC58: =IF(FC12="","",IF(FC$54="Eta",FC12,FC12*$E$50)) | FD58: =FD12 -> FALSE | FE58: =FE12 -> FALSE | FF58: =FF12 -> FALSE | FG58: =FG12 -> FALSE | FH58: =IF(FH12="","",FH12) | FI58: =IF(FI12="","",FI12*$E$47) | FJ58: =IF(FJ12="","",FJ12*$E$48) | FK58: =FK12 -> FALSE | FL58: =FL12 -> FALSE | FM58: =FM12 -> FALSE | FN58: =FN12 -> FALSE | FO58: =IF(FO12="","",FO12) | FP58: =IF(FP12="","",FP12*$E$47) | FQ58: =IF(FQ12="","",FQ12*$E$48) | FR58: =FR12 -> FALSE | FS58: =FS12 -> FALSE | FT58: =FT12 -> FALSE | FU58: =FU12 -> FALSE | FV58: =IF(FV12="","",FV12) | FW58: =IF(FW12="","",FW12*$E$47) | FX58: =IF(FX12="","",IF(FX$54="Eta",FX12,FX12*$E$50)) | FY58: =FY12 -> FALSE | FZ58: =FZ12 -> FALSE | GA58: =GA12 -> FALSE | GB58: =GB12 -> FALSE | GC58: =IF(GC12="","",GC12) | GD58: =IF(GD12="","",GD12*$E$47) | GE58: =IF(GE12="","",GE12*$E$48) | GF58: =GF12 -> FALSE | GG58: =GG12 -> FALSE | GH58: =GH12 -> FALSE | GI58: =GI12 -> FALSE | GJ58: =IF(GJ12="","",GJ12) | GK58: =IF(GK12="","",GK12*$E$47) | GL58: =IF(GL12="","",GL12*$E$48) | GM58: =GM12 -> FALSE | GN58: =GN12 -> FALSE | GO58: =GO12 -> FALSE | GP58: =GP12 -> FALSE | GQ58: =IF(GQ12="","",GQ12) | GR58: =IF(GR12="","",GR12*$E$47) | GS58: =IF(GS12="","",IF(GS$54="Eta",GS12,GS12*$E$50)) | GT58: =GT12 -> FALSE | GU58: =GU12 -> FALSE | GV58: =GV12 -> FALSE | GW58: =GW12 -> FALSE | GX58: =IF(GX12="","",GX12) | GY58: =IF(GY12="","",GY12*$E$47) | GZ58: =IF(GZ12="","",GZ12*$E$48) | HA58: =HA12 -> FALSE | HB58: =HB12 -> FALSE | HC58: =HC12 -> FALSE | HD58: =HD12 -> FALSE | HE58: =IF(HE12="","",HE12) | HF58: =IF(HF12="","",HF12*$E$47) | HG58: =IF(HG12="","",HG12*$E$48) | HH58: =HH12 -> FALSE | HI58: =HI12 -> FALSE | HJ58: =HJ12 -> FALSE | HK58: =HK12 -> FALSE | HL58: =IF(HL12="","",HL12) | HM58: =IF(HM12="","",HM12*$E$47) | HN58: =IF(HN12="","",IF(HN$54="Eta",HN12,HN12*$E$50)) | HO58: =HO12 -> FALSE | HP58: =HP12 -> FALSE | HQ58: =HQ12 -> FALSE | HR58: =HR12 -> FALSE | HS58: =IF(HS12="","",HS12) | HT58: =IF(HT12="","",HT12*$E$47) | HU58: =IF(HU12="","",HU12*$E$48) | HV58: =HV12 -> FALSE | HW58: =HW12 -> FALSE | HX58: =HX12 -> FALSE | HY58: =HY12 -> FALSE | HZ58: =IF(HZ12="","",HZ12) | IA58: =IF(IA12="","",IA12*$E$47) | IB58: =IF(IB12="","",IB12*$E$48) | IC58: =IC12 -> FALSE | ID58: =ID12 -> FALSE | IE58: =IE12 -> FALSE | IF58: =IF12 -> FALSE | IG58: =IF(IG12="","",IG12) | IH58: =IF(IH12="","",IH12*$E$47) | II58: =IF(II12="","",IF(II$54="Eta",II12,II12*$E$50)) | IJ58: =IJ12 -> FALSE | IK58: =IK12 -> FALSE | IL58: =IL12 -> FALSE | IM58: =IM12 -> FALSE | IN58: =IF(IN12="","",IN12) | IO58: =IF(IO12="","",IO12*$E$47) | IP58: =IF(IP12="","",IP12*$E$48) | IQ58: =IQ12 -> FALSE | IR58: =IR12 -> FALSE | IS58: =IS12 -> FALSE | IT58: =IT12 -> FALSE | IU58: =IF(IU12="","",IU12)
A59: =IF(A13="","",A13*$E$49) | B59: =IF(B13="","",B13*$E$49) | C59: 4 | D59: =IF(D13="","",D13*$E$47) | E59: =IF(E13="","",E13*$E$48) | F59: =F13 -> FALSE | G59: =G13 -> FALSE | H59: =H13 -> FALSE | I59: =I13 -> FALSE | J59: =IF(J13="","",J13) | K59: =IF(K13="","",K13*$E$47) | L59: =IF(L13="","",IF(L$54="Eta",L13,L13*$E$50)) | M59: =M13 -> FALSE | N59: =N13 -> FALSE | O59: =O13 -> FALSE | P59: =P13 -> FALSE | Q59: =IF(Q13="","",Q13) | R59: =IF(R13="","",R13*$E$47) | S59: =IF(S13="","",S13*$E$48) | T59: =T13 -> FALSE | U59: =U13 -> FALSE | V59: =V13 -> FALSE | W59: =W13 -> FALSE | X59: =IF(X13="","",X13) | Y59: =IF(Y13="","",Y13*$E$47) | Z59: =IF(Z13="","",Z13*$E$48) | AA59: =AA13 -> FALSE | AB59: =AB13 -> FALSE | AC59: =AC13 -> FALSE | AD59: =AD13 -> FALSE | AE59: =IF(AE13="","",AE13) | AF59: =IF(AF13="","",AF13*$E$47) | AG59: =IF(AG13="","",IF(AG$54="Eta",AG13,AG13*$E$50)) | AH59: =AH13 -> FALSE | AI59: =AI13 -> FALSE | AJ59: =AJ13 -> FALSE | AK59: =AK13 -> FALSE | AL59: =IF(AL13="","",AL13) | AM59: =IF(AM13="","",AM13*$E$47) | AN59: =IF(AN13="","",AN13*$E$48) | AO59: =AO13 -> FALSE | AP59: =AP13 -> FALSE | AQ59: =AQ13 -> FALSE | AR59: =AR13 -> FALSE | AS59: =IF(AS13="","",AS13) | AT59: =IF(AT13="","",AT13*$E$47) | AU59: =IF(AU13="","",AU13*$E$48) | AV59: =AV13 -> FALSE | AW59: =AW13 -> FALSE | AX59: =AX13 -> FALSE | AY59: =AY13 -> FALSE | AZ59: =IF(AZ13="","",AZ13) | BA59: =IF(BA13="","",BA13*$E$47) | BB59: =IF(BB13="","",IF(BB$54="Eta",BB13,BB13*$E$50)) | BC59: =BC13 -> FALSE | BD59: =BD13 -> FALSE | BE59: =BE13 -> FALSE | BF59: =BF13 -> FALSE | BG59: =IF(BG13="","",BG13) | BH59: =IF(BH13="","",BH13*$E$47) | BI59: =IF(BI13="","",BI13*$E$48) | BJ59: =BJ13 -> FALSE | BK59: =BK13 -> FALSE | BL59: =BL13 -> FALSE | BM59: =BM13 -> FALSE | BN59: =IF(BN13="","",BN13) | BO59: =IF(BO13="","",BO13*$E$47) | BP59: =IF(BP13="","",BP13*$E$48) | BQ59: =BQ13 -> FALSE | BR59: =BR13 -> FALSE | BS59: =BS13 -> FALSE | BT59: =BT13 -> FALSE | BU59: =IF(BU13="","",BU13) | BV59: =IF(BV13="","",BV13*$E$47) | BW59: =IF(BW13="","",IF(BW$54="Eta",BW13,BW13*$E$50)) | BX59: =BX13 -> FALSE | BY59: =BY13 -> FALSE | BZ59: =BZ13 -> FALSE | CA59: =CA13 -> FALSE | CB59: =IF(CB13="","",CB13) | CC59: =IF(CC13="","",CC13*$E$47) | CD59: =IF(CD13="","",CD13*$E$48) | CE59: =CE13 -> FALSE | CF59: =CF13 -> FALSE | CG59: =CG13 -> FALSE | CH59: =CH13 -> FALSE | CI59: =IF(CI13="","",CI13) | CJ59: =IF(CJ13="","",CJ13*$E$47) | CK59: =IF(CK13="","",CK13*$E$48) | CL59: =CL13 -> FALSE | CM59: =CM13 -> FALSE | CN59: =CN13 -> FALSE | CO59: =CO13 -> FALSE | CP59: =IF(CP13="","",CP13) | CQ59: =IF(CQ13="","",CQ13*$E$47) | CR59: =IF(CR13="","",IF(CR$54="Eta",CR13,CR13*$E$50)) | CS59: =CS13 -> FALSE | CT59: =CT13 -> FALSE | CU59: =CU13 -> FALSE | CV59: =CV13 -> FALSE | CW59: =IF(CW13="","",CW13) | CX59: =IF(CX13="","",CX13*$E$47) | CY59: =IF(CY13="","",CY13*$E$48) | CZ59: =CZ13 -> FALSE | DA59: =DA13 -> FALSE | DB59: =DB13 -> FALSE | DC59: =DC13 -> FALSE | DD59: =IF(DD13="","",DD13) | DE59: =IF(DE13="","",DE13*$E$47) | DF59: =IF(DF13="","",DF13*$E$48) | DG59: =DG13 -> FALSE | DH59: =DH13 -> FALSE | DI59: =DI13 -> FALSE | DJ59: =DJ13 -> FALSE | DK59: =IF(DK13="","",DK13) | DL59: =IF(DL13="","",DL13*$E$47) | DM59: =IF(DM13="","",IF(DM$54="Eta",DM13,DM13*$E$50)) | DN59: =DN13 -> FALSE | DO59: =DO13 -> FALSE | DP59: =DP13 -> FALSE | DQ59: =DQ13 -> FALSE | DR59: =IF(DR13="","",DR13) | DS59: =IF(DS13="","",DS13*$E$47) | DT59: =IF(DT13="","",DT13*$E$48) | DU59: =DU13 -> FALSE | DV59: =DV13 -> FALSE | DW59: =DW13 -> FALSE | DX59: =DX13 -> FALSE | DY59: =IF(DY13="","",DY13) | DZ59: =IF(DZ13="","",DZ13*$E$47) | EA59: =IF(EA13="","",EA13*$E$48) | EB59: =EB13 -> FALSE | EC59: =EC13 -> FALSE | ED59: =ED13 -> FALSE | EE59: =EE13 -> FALSE | EF59: =IF(EF13="","",EF13) | EG59: =IF(EG13="","",EG13*$E$47) | EH59: =IF(EH13="","",IF(EH$54="Eta",EH13,EH13*$E$50)) | EI59: =EI13 -> FALSE | EJ59: =EJ13 -> FALSE | EK59: =EK13 -> FALSE | EL59: =EL13 -> FALSE | EM59: =IF(EM13="","",EM13) | EN59: =IF(EN13="","",EN13*$E$47) | EO59: =IF(EO13="","",EO13*$E$48) | EP59: =EP13 -> FALSE | EQ59: =EQ13 -> FALSE | ER59: =ER13 -> FALSE | ES59: =ES13 -> FALSE | ET59: =IF(ET13="","",ET13) | EU59: =IF(EU13="","",EU13*$E$47) | EV59: =IF(EV13="","",EV13*$E$48) | EW59: =EW13 -> FALSE | EX59: =EX13 -> FALSE | EY59: =EY13 -> FALSE | EZ59: =EZ13 -> FALSE | FA59: =IF(FA13="","",FA13) | FB59: =IF(FB13="","",FB13*$E$47) | FC59: =IF(FC13="","",IF(FC$54="Eta",FC13,FC13*$E$50)) | FD59: =FD13 -> FALSE | FE59: =FE13 -> FALSE | FF59: =FF13 -> FALSE | FG59: =FG13 -> FALSE | FH59: =IF(FH13="","",FH13) | FI59: =IF(FI13="","",FI13*$E$47) | FJ59: =IF(FJ13="","",FJ13*$E$48) | FK59: =FK13 -> FALSE | FL59: =FL13 -> FALSE | FM59: =FM13 -> FALSE | FN59: =FN13 -> FALSE | FO59: =IF(FO13="","",FO13) | FP59: =IF(FP13="","",FP13*$E$47) | FQ59: =IF(FQ13="","",FQ13*$E$48) | FR59: =FR13 -> FALSE | FS59: =FS13 -> FALSE | FT59: =FT13 -> FALSE | FU59: =FU13 -> FALSE | FV59: =IF(FV13="","",FV13) | FW59: =IF(FW13="","",FW13*$E$47) | FX59: =IF(FX13="","",IF(FX$54="Eta",FX13,FX13*$E$50)) | FY59: =FY13 -> FALSE | FZ59: =FZ13 -> FALSE | GA59: =GA13 -> FALSE | GB59: =GB13 -> FALSE | GC59: =IF(GC13="","",GC13) | GD59: =IF(GD13="","",GD13*$E$47) | GE59: =IF(GE13="","",GE13*$E$48) | GF59: =GF13 -> FALSE | GG59: =GG13 -> FALSE | GH59: =GH13 -> FALSE | GI59: =GI13 -> FALSE | GJ59: =IF(GJ13="","",GJ13) | GK59: =IF(GK13="","",GK13*$E$47) | GL59: =IF(GL13="","",GL13*$E$48) | GM59: =GM13 -> FALSE | GN59: =GN13 -> FALSE | GO59: =GO13 -> FALSE | GP59: =GP13 -> FALSE | GQ59: =IF(GQ13="","",GQ13) | GR59: =IF(GR13="","",GR13*$E$47) | GS59: =IF(GS13="","",IF(GS$54="Eta",GS13,GS13*$E$50)) | GT59: =GT13 -> FALSE | GU59: =GU13 -> FALSE | GV59: =GV13 -> FALSE | GW59: =GW13 -> FALSE | GX59: =IF(GX13="","",GX13) | GY59: =IF(GY13="","",GY13*$E$47) | GZ59: =IF(GZ13="","",GZ13*$E$48) | HA59: =HA13 -> FALSE | HB59: =HB13 -> FALSE | HC59: =HC13 -> FALSE | HD59: =HD13 -> FALSE | HE59: =IF(HE13="","",HE13) | HF59: =IF(HF13="","",HF13*$E$47) | HG59: =IF(HG13="","",HG13*$E$48) | HH59: =HH13 -> FALSE | HI59: =HI13 -> FALSE | HJ59: =HJ13 -> FALSE | HK59: =HK13 -> FALSE | HL59: =IF(HL13="","",HL13) | HM59: =IF(HM13="","",HM13*$E$47) | HN59: =IF(HN13="","",IF(HN$54="Eta",HN13,HN13*$E$50)) | HO59: =HO13 -> FALSE | HP59: =HP13 -> FALSE | HQ59: =HQ13 -> FALSE | HR59: =HR13 -> FALSE | HS59: =IF(HS13="","",HS13) | HT59: =IF(HT13="","",HT13*$E$47) | HU59: =IF(HU13="","",HU13*$E$48) | HV59: =HV13 -> FALSE | HW59: =HW13 -> FALSE | HX59: =HX13 -> FALSE | HY59: =HY13 -> FALSE | HZ59: =IF(HZ13="","",HZ13) | IA59: =IF(IA13="","",IA13*$E$47) | IB59: =IF(IB13="","",IB13*$E$48) | IC59: =IC13 -> FALSE | ID59: =ID13 -> FALSE | IE59: =IE13 -> FALSE | IF59: =IF13 -> FALSE | IG59: =IF(IG13="","",IG13) | IH59: =IF(IH13="","",IH13*$E$47) | II59: =IF(II13="","",IF(II$54="Eta",II13,II13*$E$50)) | IJ59: =IJ13 -> FALSE | IK59: =IK13 -> FALSE | IL59: =IL13 -> FALSE | IM59: =IM13 -> FALSE | IN59: =IF(IN13="","",IN13) | IO59: =IF(IO13="","",IO13*$E$47) | IP59: =IF(IP13="","",IP13*$E$48) | IQ59: =IQ13 -> FALSE | IR59: =IR13 -> FALSE | IS59: =IS13 -> FALSE | IT59: =IT13 -> FALSE | IU59: =IF(IU13="","",IU13)
A60: =IF(A14="","",A14*$E$49) | B60: =IF(B14="","",B14*$E$49) | C60: 5 | D60: =IF(D14="","",D14*$E$47) | E60: =IF(E14="","",E14*$E$48) | F60: =F14 -> FALSE | G60: =G14 -> FALSE | H60: =H14 -> FALSE | I60: =I14 -> FALSE | J60: =IF(J14="","",J14) | K60: =IF(K14="","",K14*$E$47) | L60: =IF(L14="","",IF(L$54="Eta",L14,L14*$E$50)) | M60: =M14 -> FALSE | N60: =N14 -> FALSE | O60: =O14 -> FALSE | P60: =P14 -> FALSE | Q60: =IF(Q14="","",Q14) | R60: =IF(R14="","",R14*$E$47) | S60: =IF(S14="","",S14*$E$48) | T60: =T14 -> FALSE | U60: =U14 -> FALSE | V60: =V14 -> FALSE | W60: =W14 -> FALSE | X60: =IF(X14="","",X14) | Y60: =IF(Y14="","",Y14*$E$47) | Z60: =IF(Z14="","",Z14*$E$48) | AA60: =AA14 -> FALSE | AB60: =AB14 -> FALSE | AC60: =AC14 -> FALSE | AD60: =AD14 -> FALSE | AE60: =IF(AE14="","",AE14) | AF60: =IF(AF14="","",AF14*$E$47) | AG60: =IF(AG14="","",IF(AG$54="Eta",AG14,AG14*$E$50)) | AH60: =AH14 -> FALSE | AI60: =AI14 -> FALSE | AJ60: =AJ14 -> FALSE | AK60: =AK14 -> FALSE | AL60: =IF(AL14="","",AL14) | AM60: =IF(AM14="","",AM14*$E$47) | AN60: =IF(AN14="","",AN14*$E$48) | AO60: =AO14 -> FALSE | AP60: =AP14 -> FALSE | AQ60: =AQ14 -> FALSE | AR60: =AR14 -> FALSE | AS60: =IF(AS14="","",AS14) | AT60: =IF(AT14="","",AT14*$E$47) | AU60: =IF(AU14="","",AU14*$E$48) | AV60: =AV14 -> FALSE | AW60: =AW14 -> FALSE | AX60: =AX14 -> FALSE | AY60: =AY14 -> FALSE | AZ60: =IF(AZ14="","",AZ14) | BA60: =IF(BA14="","",BA14*$E$47) | BB60: =IF(BB14="","",IF(BB$54="Eta",BB14,BB14*$E$50)) | BC60: =BC14 -> FALSE | BD60: =BD14 -> FALSE | BE60: =BE14 -> FALSE | BF60: =BF14 -> FALSE | BG60: =IF(BG14="","",BG14) | BH60: =IF(BH14="","",BH14*$E$47) | BI60: =IF(BI14="","",BI14*$E$48) | BJ60: =BJ14 -> FALSE | BK60: =BK14 -> FALSE | BL60: =BL14 -> FALSE | BM60: =BM14 -> FALSE | BN60: =IF(BN14="","",BN14) | BO60: =IF(BO14="","",BO14*$E$47) | BP60: =IF(BP14="","",BP14*$E$48) | BQ60: =BQ14 -> FALSE | BR60: =BR14 -> FALSE | BS60: =BS14 -> FALSE | BT60: =BT14 -> FALSE | BU60: =IF(BU14="","",BU14) | BV60: =IF(BV14="","",BV14*$E$47) | BW60: =IF(BW14="","",IF(BW$54="Eta",BW14,BW14*$E$50)) | BX60: =BX14 -> FALSE | BY60: =BY14 -> FALSE | BZ60: =BZ14 -> FALSE | CA60: =CA14 -> FALSE | CB60: =IF(CB14="","",CB14) | CC60: =IF(CC14="","",CC14*$E$47) | CD60: =IF(CD14="","",CD14*$E$48) | CE60: =CE14 -> FALSE | CF60: =CF14 -> FALSE | CG60: =CG14 -> FALSE | CH60: =CH14 -> FALSE | CI60: =IF(CI14="","",CI14) | CJ60: =IF(CJ14="","",CJ14*$E$47) | CK60: =IF(CK14="","",CK14*$E$48) | CL60: =CL14 -> FALSE | CM60: =CM14 -> FALSE | CN60: =CN14 -> FALSE | CO60: =CO14 -> FALSE | CP60: =IF(CP14="","",CP14) | CQ60: =IF(CQ14="","",CQ14*$E$47) | CR60: =IF(CR14="","",IF(CR$54="Eta",CR14,CR14*$E$50)) | CS60: =CS14 -> FALSE | CT60: =CT14 -> FALSE | CU60: =CU14 -> FALSE | CV60: =CV14 -> FALSE | CW60: =IF(CW14="","",CW14) | CX60: =IF(CX14="","",CX14*$E$47) | CY60: =IF(CY14="","",CY14*$E$48) | CZ60: =CZ14 -> FALSE | DA60: =DA14 -> FALSE | DB60: =DB14 -> FALSE | DC60: =DC14 -> FALSE | DD60: =IF(DD14="","",DD14) | DE60: =IF(DE14="","",DE14*$E$47) | DF60: =IF(DF14="","",DF14*$E$48) | DG60: =DG14 -> FALSE | DH60: =DH14 -> FALSE | DI60: =DI14 -> FALSE | DJ60: =DJ14 -> FALSE | DK60: =IF(DK14="","",DK14) | DL60: =IF(DL14="","",DL14*$E$47) | DM60: =IF(DM14="","",IF(DM$54="Eta",DM14,DM14*$E$50)) | DN60: =DN14 -> FALSE | DO60: =DO14 -> FALSE | DP60: =DP14 -> FALSE | DQ60: =DQ14 -> FALSE | DR60: =IF(DR14="","",DR14) | DS60: =IF(DS14="","",DS14*$E$47) | DT60: =IF(DT14="","",DT14*$E$48) | DU60: =DU14 -> FALSE | DV60: =DV14 -> FALSE | DW60: =DW14 -> FALSE | DX60: =DX14 -> FALSE | DY60: =IF(DY14="","",DY14) | DZ60: =IF(DZ14="","",DZ14*$E$47) | EA60: =IF(EA14="","",EA14*$E$48) | EB60: =EB14 -> FALSE | EC60: =EC14 -> FALSE | ED60: =ED14 -> FALSE | EE60: =EE14 -> FALSE | EF60: =IF(EF14="","",EF14) | EG60: =IF(EG14="","",EG14*$E$47) | EH60: =IF(EH14="","",IF(EH$54="Eta",EH14,EH14*$E$50)) | EI60: =EI14 -> FALSE | EJ60: =EJ14 -> FALSE | EK60: =EK14 -> FALSE | EL60: =EL14 -> FALSE | EM60: =IF(EM14="","",EM14) | EN60: =IF(EN14="","",EN14*$E$47) | EO60: =IF(EO14="","",EO14*$E$48) | EP60: =EP14 -> FALSE | EQ60: =EQ14 -> FALSE | ER60: =ER14 -> FALSE | ES60: =ES14 -> FALSE | ET60: =IF(ET14="","",ET14) | EU60: =IF(EU14="","",EU14*$E$47) | EV60: =IF(EV14="","",EV14*$E$48) | EW60: =EW14 -> FALSE | EX60: =EX14 -> FALSE | EY60: =EY14 -> FALSE | EZ60: =EZ14 -> FALSE | FA60: =IF(FA14="","",FA14) | FB60: =IF(FB14="","",FB14*$E$47) | FC60: =IF(FC14="","",IF(FC$54="Eta",FC14,FC14*$E$50)) | FD60: =FD14 -> FALSE | FE60: =FE14 -> FALSE | FF60: =FF14 -> FALSE | FG60: =FG14 -> FALSE | FH60: =IF(FH14="","",FH14) | FI60: =IF(FI14="","",FI14*$E$47) | FJ60: =IF(FJ14="","",FJ14*$E$48) | FK60: =FK14 -> FALSE | FL60: =FL14 -> FALSE | FM60: =FM14 -> FALSE | FN60: =FN14 -> FALSE | FO60: =IF(FO14="","",FO14) | FP60: =IF(FP14="","",FP14*$E$47) | FQ60: =IF(FQ14="","",FQ14*$E$48) | FR60: =FR14 -> FALSE | FS60: =FS14 -> FALSE | FT60: =FT14 -> FALSE | FU60: =FU14 -> FALSE | FV60: =IF(FV14="","",FV14) | FW60: =IF(FW14="","",FW14*$E$47) | FX60: =IF(FX14="","",IF(FX$54="Eta",FX14,FX14*$E$50)) | FY60: =FY14 -> FALSE | FZ60: =FZ14 -> FALSE | GA60: =GA14 -> FALSE | GB60: =GB14 -> FALSE | GC60: =IF(GC14="","",GC14) | GD60: =IF(GD14="","",GD14*$E$47) | GE60: =IF(GE14="","",GE14*$E$48) | GF60: =GF14 -> FALSE | GG60: =GG14 -> FALSE | GH60: =GH14 -> FALSE | GI60: =GI14 -> FALSE | GJ60: =IF(GJ14="","",GJ14) | GK60: =IF(GK14="","",GK14*$E$47) | GL60: =IF(GL14="","",GL14*$E$48) | GM60: =GM14 -> FALSE | GN60: =GN14 -> FALSE | GO60: =GO14 -> FALSE | GP60: =GP14 -> FALSE | GQ60: =IF(GQ14="","",GQ14) | GR60: =IF(GR14="","",GR14*$E$47) | GS60: =IF(GS14="","",IF(GS$54="Eta",GS14,GS14*$E$50)) | GT60: =GT14 -> FALSE | GU60: =GU14 -> FALSE | GV60: =GV14 -> FALSE | GW60: =GW14 -> FALSE | GX60: =IF(GX14="","",GX14) | GY60: =IF(GY14="","",GY14*$E$47) | GZ60: =IF(GZ14="","",GZ14*$E$48) | HA60: =HA14 -> FALSE | HB60: =HB14 -> FALSE | HC60: =HC14 -> FALSE | HD60: =HD14 -> FALSE | HE60: =IF(HE14="","",HE14) | HF60: =IF(HF14="","",HF14*$E$47) | HG60: =IF(HG14="","",HG14*$E$48) | HH60: =HH14 -> FALSE | HI60: =HI14 -> FALSE | HJ60: =HJ14 -> FALSE | HK60: =HK14 -> FALSE | HL60: =IF(HL14="","",HL14) | HM60: =IF(HM14="","",HM14*$E$47) | HN60: =IF(HN14="","",IF(HN$54="Eta",HN14,HN14*$E$50)) | HO60: =HO14 -> FALSE | HP60: =HP14 -> FALSE | HQ60: =HQ14 -> FALSE | HR60: =HR14 -> FALSE | HS60: =IF(HS14="","",HS14) | HT60: =IF(HT14="","",HT14*$E$47) | HU60: =IF(HU14="","",HU14*$E$48) | HV60: =HV14 -> FALSE | HW60: =HW14 -> FALSE | HX60: =HX14 -> FALSE | HY60: =HY14 -> FALSE | HZ60: =IF(HZ14="","",HZ14) | IA60: =IF(IA14="","",IA14*$E$47) | IB60: =IF(IB14="","",IB14*$E$48) | IC60: =IC14 -> FALSE | ID60: =ID14 -> FALSE | IE60: =IE14 -> FALSE | IF60: =IF14 -> FALSE | IG60: =IF(IG14="","",IG14) | IH60: =IF(IH14="","",IH14*$E$47) | II60: =IF(II14="","",IF(II$54="Eta",II14,II14*$E$50)) | IJ60: =IJ14 -> FALSE | IK60: =IK14 -> FALSE | IL60: =IL14 -> FALSE | IM60: =IM14 -> FALSE | IN60: =IF(IN14="","",IN14) | IO60: =IF(IO14="","",IO14*$E$47) | IP60: =IF(IP14="","",IP14*$E$48) | IQ60: =IQ14 -> FALSE | IR60: =IR14 -> FALSE | IS60: =IS14 -> FALSE | IT60: =IT14 -> FALSE | IU60: =IF(IU14="","",IU14)
A61: =IF(A15="","",A15*$E$49) | B61: =IF(B15="","",B15*$E$49) | C61: 6 | D61: =IF(D15="","",D15*$E$47) | E61: =IF(E15="","",E15*$E$48) | F61: =F15 -> FALSE | G61: =G15 -> FALSE | H61: =H15 -> FALSE | I61: =I15 -> FALSE | J61: =IF(J15="","",J15) | K61: =IF(K15="","",K15*$E$47) | L61: =IF(L15="","",IF(L$54="Eta",L15,L15*$E$50)) | M61: =M15 -> FALSE | N61: =N15 -> FALSE | O61: =O15 -> FALSE | P61: =P15 -> FALSE | Q61: =IF(Q15="","",Q15) | R61: =IF(R15="","",R15*$E$47) | S61: =IF(S15="","",S15*$E$48) | T61: =T15 -> FALSE | U61: =U15 -> FALSE | V61: =V15 -> FALSE | W61: =W15 -> FALSE | X61: =IF(X15="","",X15) | Y61: =IF(Y15="","",Y15*$E$47) | Z61: =IF(Z15="","",Z15*$E$48) | AA61: =AA15 -> FALSE | AB61: =AB15 -> FALSE | AC61: =AC15 -> FALSE | AD61: =AD15 -> FALSE | AE61: =IF(AE15="","",AE15) | AF61: =IF(AF15="","",AF15*$E$47) | AG61: =IF(AG15="","",IF(AG$54="Eta",AG15,AG15*$E$50)) | AH61: =AH15 -> FALSE | AI61: =AI15 -> FALSE | AJ61: =AJ15 -> FALSE | AK61: =AK15 -> FALSE | AL61: =IF(AL15="","",AL15) | AM61: =IF(AM15="","",AM15*$E$47) | AN61: =IF(AN15="","",AN15*$E$48) | AO61: =AO15 -> FALSE | AP61: =AP15 -> FALSE | AQ61: =AQ15 -> FALSE | AR61: =AR15 -> FALSE | AS61: =IF(AS15="","",AS15) | AT61: =IF(AT15="","",AT15*$E$47) | AU61: =IF(AU15="","",AU15*$E$48) | AV61: =AV15 -> FALSE | AW61: =AW15 -> TRUE | AX61: =AX15 -> TRUE | AY61: =AY15 -> FALSE | AZ61: =IF(AZ15="","",AZ15) | BA61: =IF(BA15="","",BA15*$E$47) | BB61: =IF(BB15="","",IF(BB$54="Eta",BB15,BB15*$E$50)) | BC61: =BC15 -> FALSE | BD61: =BD15 -> FALSE | BE61: =BE15 -> FALSE | BF61: =BF15 -> FALSE | BG61: =IF(BG15="","",BG15) | BH61: =IF(BH15="","",BH15*$E$47) | BI61: =IF(BI15="","",BI15*$E$48) | BJ61: =BJ15 -> FALSE | BK61: =BK15 -> FALSE | BL61: =BL15 -> FALSE | BM61: =BM15 -> FALSE | BN61: =IF(BN15="","",BN15) | BO61: =IF(BO15="","",BO15*$E$47) | BP61: =IF(BP15="","",BP15*$E$48) | BQ61: =BQ15 -> FALSE | BR61: =BR15 -> FALSE | BS61: =BS15 -> FALSE | BT61: =BT15 -> FALSE | BU61: =IF(BU15="","",BU15) | BV61: =IF(BV15="","",BV15*$E$47) | BW61: =IF(BW15="","",IF(BW$54="Eta",BW15,BW15*$E$50)) | BX61: =BX15 -> FALSE | BY61: =BY15 -> FALSE | BZ61: =BZ15 -> FALSE | CA61: =CA15 -> FALSE | CB61: =IF(CB15="","",CB15) | CC61: =IF(CC15="","",CC15*$E$47) | CD61: =IF(CD15="","",CD15*$E$48) | CE61: =CE15 -> FALSE | CF61: =CF15 -> FALSE | CG61: =CG15 -> FALSE | CH61: =CH15 -> FALSE | CI61: =IF(CI15="","",CI15) | CJ61: =IF(CJ15="","",CJ15*$E$47) | CK61: =IF(CK15="","",CK15*$E$48) | CL61: =CL15 -> FALSE | CM61: =CM15 -> FALSE | CN61: =CN15 -> FALSE | CO61: =CO15 -> FALSE | CP61: =IF(CP15="","",CP15) | CQ61: =IF(CQ15="","",CQ15*$E$47) | CR61: =IF(CR15="","",IF(CR$54="Eta",CR15,CR15*$E$50)) | CS61: =CS15 -> FALSE | CT61: =CT15 -> FALSE | CU61: =CU15 -> FALSE | CV61: =CV15 -> FALSE | CW61: =IF(CW15="","",CW15) | CX61: =IF(CX15="","",CX15*$E$47) | CY61: =IF(CY15="","",CY15*$E$48) | CZ61: =CZ15 -> FALSE | DA61: =DA15 -> FALSE | DB61: =DB15 -> FALSE | DC61: =DC15 -> FALSE | DD61: =IF(DD15="","",DD15) | DE61: =IF(DE15="","",DE15*$E$47) | DF61: =IF(DF15="","",DF15*$E$48) | DG61: =DG15 -> FALSE | DH61: =DH15 -> FALSE | DI61: =DI15 -> FALSE | DJ61: =DJ15 -> FALSE | DK61: =IF(DK15="","",DK15) | DL61: =IF(DL15="","",DL15*$E$47) | DM61: =IF(DM15="","",IF(DM$54="Eta",DM15,DM15*$E$50)) | DN61: =DN15 -> FALSE | DO61: =DO15 -> FALSE | DP61: =DP15 -> FALSE | DQ61: =DQ15 -> FALSE | DR61: =IF(DR15="","",DR15) | DS61: =IF(DS15="","",DS15*$E$47) | DT61: =IF(DT15="","",DT15*$E$48) | DU61: =DU15 -> FALSE | DV61: =DV15 -> FALSE | DW61: =DW15 -> FALSE | DX61: =DX15 -> FALSE | DY61: =IF(DY15="","",DY15) | DZ61: =IF(DZ15="","",DZ15*$E$47) | EA61: =IF(EA15="","",EA15*$E$48) | EB61: =EB15 -> FALSE | EC61: =EC15 -> FALSE | ED61: =ED15 -> FALSE | EE61: =EE15 -> FALSE | EF61: =IF(EF15="","",EF15) | EG61: =IF(EG15="","",EG15*$E$47) | EH61: =IF(EH15="","",IF(EH$54="Eta",EH15,EH15*$E$50)) | EI61: =EI15 -> FALSE | EJ61: =EJ15 -> FALSE | EK61: =EK15 -> FALSE | EL61: =EL15 -> FALSE | EM61: =IF(EM15="","",EM15) | EN61: =IF(EN15="","",EN15*$E$47) | EO61: =IF(EO15="","",EO15*$E$48) | EP61: =EP15 -> FALSE | EQ61: =EQ15 -> FALSE | ER61: =ER15 -> FALSE | ES61: =ES15 -> FALSE | ET61: =IF(ET15="","",ET15) | EU61: =IF(EU15="","",EU15*$E$47) | EV61: =IF(EV15="","",EV15*$E$48) | EW61: =EW15 -> FALSE | EX61: =EX15 -> FALSE | EY61: =EY15 -> FALSE | EZ61: =EZ15 -> FALSE | FA61: =IF(FA15="","",FA15) | FB61: =IF(FB15="","",FB15*$E$47) | FC61: =IF(FC15="","",IF(FC$54="Eta",FC15,FC15*$E$50)) | FD61: =FD15 -> FALSE | FE61: =FE15 -> FALSE | FF61: =FF15 -> FALSE | FG61: =FG15 -> FALSE | FH61: =IF(FH15="","",FH15) | FI61: =IF(FI15="","",FI15*$E$47) | FJ61: =IF(FJ15="","",FJ15*$E$48) | FK61: =FK15 -> FALSE | FL61: =FL15 -> FALSE | FM61: =FM15 -> FALSE | FN61: =FN15 -> FALSE | FO61: =IF(FO15="","",FO15) | FP61: =IF(FP15="","",FP15*$E$47) | FQ61: =IF(FQ15="","",FQ15*$E$48) | FR61: =FR15 -> FALSE | FS61: =FS15 -> FALSE | FT61: =FT15 -> FALSE | FU61: =FU15 -> FALSE | FV61: =IF(FV15="","",FV15) | FW61: =IF(FW15="","",FW15*$E$47) | FX61: =IF(FX15="","",IF(FX$54="Eta",FX15,FX15*$E$50)) | FY61: =FY15 -> FALSE | FZ61: =FZ15 -> FALSE | GA61: =GA15 -> FALSE | GB61: =GB15 -> FALSE | GC61: =IF(GC15="","",GC15) | GD61: =IF(GD15="","",GD15*$E$47) | GE61: =IF(GE15="","",GE15*$E$48) | GF61: =GF15 -> FALSE | GG61: =GG15 -> FALSE | GH61: =GH15 -> FALSE | GI61: =GI15 -> FALSE | GJ61: =IF(GJ15="","",GJ15) | GK61: =IF(GK15="","",GK15*$E$47) | GL61: =IF(GL15="","",GL15*$E$48) | GM61: =GM15 -> FALSE | GN61: =GN15 -> FALSE | GO61: =GO15 -> FALSE | GP61: =GP15 -> FALSE | GQ61: =IF(GQ15="","",GQ15) | GR61: =IF(GR15="","",GR15*$E$47) | GS61: =IF(GS15="","",IF(GS$54="Eta",GS15,GS15*$E$50)) | GT61: =GT15 -> FALSE | GU61: =GU15 -> FALSE | GV61: =GV15 -> FALSE | GW61: =GW15 -> FALSE | GX61: =IF(GX15="","",GX15) | GY61: =IF(GY15="","",GY15*$E$47) | GZ61: =IF(GZ15="","",GZ15*$E$48) | HA61: =HA15 -> FALSE | HB61: =HB15 -> FALSE | HC61: =HC15 -> FALSE | HD61: =HD15 -> FALSE | HE61: =IF(HE15="","",HE15) | HF61: =IF(HF15="","",HF15*$E$47) | HG61: =IF(HG15="","",HG15*$E$48) | HH61: =HH15 -> FALSE | HI61: =HI15 -> FALSE | HJ61: =HJ15 -> FALSE | HK61: =HK15 -> FALSE | HL61: =IF(HL15="","",HL15) | HM61: =IF(HM15="","",HM15*$E$47) | HN61: =IF(HN15="","",IF(HN$54="Eta",HN15,HN15*$E$50)) | HO61: =HO15 -> FALSE | HP61: =HP15 -> FALSE | HQ61: =HQ15 -> FALSE | HR61: =HR15 -> FALSE | HS61: =IF(HS15="","",HS15) | HT61: =IF(HT15="","",HT15*$E$47) | HU61: =IF(HU15="","",HU15*$E$48) | HV61: =HV15 -> FALSE | HW61: =HW15 -> FALSE | HX61: =HX15 -> FALSE | HY61: =HY15 -> FALSE | HZ61: =IF(HZ15="","",HZ15) | IA61: =IF(IA15="","",IA15*$E$47) | IB61: =IF(IB15="","",IB15*$E$48) | IC61: =IC15 -> FALSE | ID61: =ID15 -> FALSE | IE61: =IE15 -> FALSE | IF61: =IF15 -> FALSE | IG61: =IF(IG15="","",IG15) | IH61: =IF(IH15="","",IH15*$E$47) | II61: =IF(II15="","",IF(II$54="Eta",II15,II15*$E$50)) | IJ61: =IJ15 -> FALSE | IK61: =IK15 -> FALSE | IL61: =IL15 -> FALSE | IM61: =IM15 -> FALSE | IN61: =IF(IN15="","",IN15) | IO61: =IF(IO15="","",IO15*$E$47) | IP61: =IF(IP15="","",IP15*$E$48) | IQ61: =IQ15 -> FALSE | IR61: =IR15 -> FALSE | IS61: =IS15 -> FALSE | IT61: =IT15 -> FALSE | IU61: =IF(IU15="","",IU15)
A62: =IF(A16="","",A16*$E$49) | B62: =IF(B16="","",B16*$E$49) | C62: 7 | D62: =IF(D16="","",D16*$E$47) | E62: =IF(E16="","",E16*$E$48) | F62: =F16 -> FALSE | G62: =G16 -> FALSE | H62: =H16 -> FALSE | I62: =I16 -> FALSE | J62: =IF(J16="","",J16) | K62: =IF(K16="","",K16*$E$47) | L62: =IF(L16="","",IF(L$54="Eta",L16,L16*$E$50)) | M62: =M16 -> FALSE | N62: =N16 -> FALSE | O62: =O16 -> FALSE | P62: =P16 -> FALSE | Q62: =IF(Q16="","",Q16) | R62: =IF(R16="","",R16*$E$47) | S62: =IF(S16="","",S16*$E$48) | T62: =T16 -> FALSE | U62: =U16 -> FALSE | V62: =V16 -> FALSE | W62: =W16 -> FALSE | X62: =IF(X16="","",X16) | Y62: =IF(Y16="","",Y16*$E$47) | Z62: =IF(Z16="","",Z16*$E$48) | AA62: =AA16 -> FALSE | AB62: =AB16 -> FALSE | AC62: =AC16 -> FALSE | AD62: =AD16 -> FALSE | AE62: =IF(AE16="","",AE16) | AF62: =IF(AF16="","",AF16*$E$47) | AG62: =IF(AG16="","",IF(AG$54="Eta",AG16,AG16*$E$50)) | AH62: =AH16 -> FALSE | AI62: =AI16 -> FALSE | AJ62: =AJ16 -> FALSE | AK62: =AK16 -> FALSE | AL62: =IF(AL16="","",AL16) | AM62: =IF(AM16="","",AM16*$E$47) | AN62: =IF(AN16="","",AN16*$E$48) | AO62: =AO16 -> FALSE | AP62: =AP16 -> FALSE | AQ62: =AQ16 -> FALSE | AR62: =AR16 -> FALSE | AS62: =IF(AS16="","",AS16) | AT62: =IF(AT16="","",AT16*$E$47) | AU62: =IF(AU16="","",AU16*$E$48) | AV62: =AV16 -> FALSE | AW62: =AW16 -> FALSE | AX62: =AX16 -> FALSE | AY62: =AY16 -> FALSE | AZ62: =IF(AZ16="","",AZ16) | BA62: =IF(BA16="","",BA16*$E$47) | BB62: =IF(BB16="","",IF(BB$54="Eta",BB16,BB16*$E$50)) | BC62: =BC16 -> FALSE | BD62: =BD16 -> FALSE | BE62: =BE16 -> FALSE | BF62: =BF16 -> FALSE | BG62: =IF(BG16="","",BG16) | BH62: =IF(BH16="","",BH16*$E$47) | BI62: =IF(BI16="","",BI16*$E$48) | BJ62: =BJ16 -> FALSE | BK62: =BK16 -> FALSE | BL62: =BL16 -> FALSE | BM62: =BM16 -> FALSE | BN62: =IF(BN16="","",BN16) | BO62: =IF(BO16="","",BO16*$E$47) | BP62: =IF(BP16="","",BP16*$E$48) | BQ62: =BQ16 -> FALSE | BR62: =BR16 -> FALSE | BS62: =BS16 -> FALSE | BT62: =BT16 -> FALSE | BU62: =IF(BU16="","",BU16) | BV62: =IF(BV16="","",BV16*$E$47) | BW62: =IF(BW16="","",IF(BW$54="Eta",BW16,BW16*$E$50)) | BX62: =BX16 -> FALSE | BY62: =BY16 -> FALSE | BZ62: =BZ16 -> FALSE | CA62: =CA16 -> FALSE | CB62: =IF(CB16="","",CB16) | CC62: =IF(CC16="","",CC16*$E$47) | CD62: =IF(CD16="","",CD16*$E$48) | CE62: =CE16 -> FALSE | CF62: =CF16 -> FALSE | CG62: =CG16 -> FALSE | CH62: =CH16 -> FALSE | CI62: =IF(CI16="","",CI16) | CJ62: =IF(CJ16="","",CJ16*$E$47) | CK62: =IF(CK16="","",CK16*$E$48) | CL62: =CL16 -> FALSE | CM62: =CM16 -> FALSE | CN62: =CN16 -> FALSE | CO62: =CO16 -> FALSE | CP62: =IF(CP16="","",CP16) | CQ62: =IF(CQ16="","",CQ16*$E$47) | CR62: =IF(CR16="","",IF(CR$54="Eta",CR16,CR16*$E$50)) | CS62: =CS16 -> FALSE | CT62: =CT16 -> FALSE | CU62: =CU16 -> FALSE | CV62: =CV16 -> FALSE | CW62: =IF(CW16="","",CW16) | CX62: =IF(CX16="","",CX16*$E$47) | CY62: =IF(CY16="","",CY16*$E$48) | CZ62: =CZ16 -> FALSE | DA62: =DA16 -> FALSE | DB62: =DB16 -> FALSE | DC62: =DC16 -> FALSE | DD62: =IF(DD16="","",DD16) | DE62: =IF(DE16="","",DE16*$E$47) | DF62: =IF(DF16="","",DF16*$E$48) | DG62: =DG16 -> FALSE | DH62: =DH16 -> FALSE | DI62: =DI16 -> FALSE | DJ62: =DJ16 -> FALSE | DK62: =IF(DK16="","",DK16) | DL62: =IF(DL16="","",DL16*$E$47) | DM62: =IF(DM16="","",IF(DM$54="Eta",DM16,DM16*$E$50)) | DN62: =DN16 -> FALSE | DO62: =DO16 -> FALSE | DP62: =DP16 -> FALSE | DQ62: =DQ16 -> FALSE | DR62: =IF(DR16="","",DR16) | DS62: =IF(DS16="","",DS16*$E$47) | DT62: =IF(DT16="","",DT16*$E$48) | DU62: =DU16 -> FALSE | DV62: =DV16 -> FALSE | DW62: =DW16 -> FALSE | DX62: =DX16 -> FALSE | DY62: =IF(DY16="","",DY16) | DZ62: =IF(DZ16="","",DZ16*$E$47) | EA62: =IF(EA16="","",EA16*$E$48) | EB62: =EB16 -> FALSE | EC62: =EC16 -> FALSE | ED62: =ED16 -> FALSE | EE62: =EE16 -> FALSE | EF62: =IF(EF16="","",EF16) | EG62: =IF(EG16="","",EG16*$E$47) | EH62: =IF(EH16="","",IF(EH$54="Eta",EH16,EH16*$E$50)) | EI62: =EI16 -> FALSE | EJ62: =EJ16 -> FALSE | EK62: =EK16 -> FALSE | EL62: =EL16 -> FALSE | EM62: =IF(EM16="","",EM16) | EN62: =IF(EN16="","",EN16*$E$47) | EO62: =IF(EO16="","",EO16*$E$48) | EP62: =EP16 -> FALSE | EQ62: =EQ16 -> FALSE | ER62: =ER16 -> FALSE | ES62: =ES16 -> FALSE | ET62: =IF(ET16="","",ET16) | EU62: =IF(EU16="","",EU16*$E$47) | EV62: =IF(EV16="","",EV16*$E$48) | EW62: =EW16 -> FALSE | EX62: =EX16 -> FALSE | EY62: =EY16 -> FALSE | EZ62: =EZ16 -> FALSE | FA62: =IF(FA16="","",FA16) | FB62: =IF(FB16="","",FB16*$E$47) | FC62: =IF(FC16="","",IF(FC$54="Eta",FC16,FC16*$E$50)) | FD62: =FD16 -> FALSE | FE62: =FE16 -> FALSE | FF62: =FF16 -> FALSE | FG62: =FG16 -> FALSE | FH62: =IF(FH16="","",FH16) | FI62: =IF(FI16="","",FI16*$E$47) | FJ62: =IF(FJ16="","",FJ16*$E$48) | FK62: =FK16 -> FALSE | FL62: =FL16 -> FALSE | FM62: =FM16 -> FALSE | FN62: =FN16 -> FALSE | FO62: =IF(FO16="","",FO16) | FP62: =IF(FP16="","",FP16*$E$47) | FQ62: =IF(FQ16="","",FQ16*$E$48) | FR62: =FR16 -> FALSE | FS62: =FS16 -> FALSE | FT62: =FT16 -> FALSE | FU62: =FU16 -> FALSE | FV62: =IF(FV16="","",FV16) | FW62: =IF(FW16="","",FW16*$E$47) | FX62: =IF(FX16="","",IF(FX$54="Eta",FX16,FX16*$E$50)) | FY62: =FY16 -> FALSE | FZ62: =FZ16 -> FALSE | GA62: =GA16 -> FALSE | GB62: =GB16 -> FALSE | GC62: =IF(GC16="","",GC16) | GD62: =IF(GD16="","",GD16*$E$47) | GE62: =IF(GE16="","",GE16*$E$48) | GF62: =GF16 -> FALSE | GG62: =GG16 -> FALSE | GH62: =GH16 -> FALSE | GI62: =GI16 -> FALSE | GJ62: =IF(GJ16="","",GJ16) | GK62: =IF(GK16="","",GK16*$E$47) | GL62: =IF(GL16="","",GL16*$E$48) | GM62: =GM16 -> FALSE | GN62: =GN16 -> FALSE | GO62: =GO16 -> FALSE | GP62: =GP16 -> FALSE | GQ62: =IF(GQ16="","",GQ16) | GR62: =IF(GR16="","",GR16*$E$47) | GS62: =IF(GS16="","",IF(GS$54="Eta",GS16,GS16*$E$50)) | GT62: =GT16 -> FALSE | GU62: =GU16 -> FALSE | GV62: =GV16 -> FALSE | GW62: =GW16 -> FALSE | GX62: =IF(GX16="","",GX16) | GY62: =IF(GY16="","",GY16*$E$47) | GZ62: =IF(GZ16="","",GZ16*$E$48) | HA62: =HA16 -> FALSE | HB62: =HB16 -> FALSE | HC62: =HC16 -> FALSE | HD62: =HD16 -> FALSE | HE62: =IF(HE16="","",HE16) | HF62: =IF(HF16="","",HF16*$E$47) | HG62: =IF(HG16="","",HG16*$E$48) | HH62: =HH16 -> FALSE | HI62: =HI16 -> FALSE | HJ62: =HJ16 -> FALSE | HK62: =HK16 -> FALSE | HL62: =IF(HL16="","",HL16) | HM62: =IF(HM16="","",HM16*$E$47) | HN62: =IF(HN16="","",IF(HN$54="Eta",HN16,HN16*$E$50)) | HO62: =HO16 -> FALSE | HP62: =HP16 -> FALSE | HQ62: =HQ16 -> FALSE | HR62: =HR16 -> FALSE | HS62: =IF(HS16="","",HS16) | HT62: =IF(HT16="","",HT16*$E$47) | HU62: =IF(HU16="","",HU16*$E$48) | HV62: =HV16 -> FALSE | HW62: =HW16 -> FALSE | HX62: =HX16 -> FALSE | HY62: =HY16 -> FALSE | HZ62: =IF(HZ16="","",HZ16) | IA62: =IF(IA16="","",IA16*$E$47) | IB62: =IF(IB16="","",IB16*$E$48) | IC62: =IC16 -> FALSE | ID62: =ID16 -> FALSE | IE62: =IE16 -> FALSE | IF62: =IF16 -> FALSE | IG62: =IF(IG16="","",IG16) | IH62: =IF(IH16="","",IH16*$E$47) | II62: =IF(II16="","",IF(II$54="Eta",II16,II16*$E$50)) | IJ62: =IJ16 -> FALSE | IK62: =IK16 -> FALSE | IL62: =IL16 -> FALSE | IM62: =IM16 -> FALSE | IN62: =IF(IN16="","",IN16) | IO62: =IF(IO16="","",IO16*$E$47) | IP62: =IF(IP16="","",IP16*$E$48) | IQ62: =IQ16 -> FALSE | IR62: =IR16 -> FALSE | IS62: =IS16 -> FALSE | IT62: =IT16 -> FALSE | IU62: =IF(IU16="","",IU16)
A63: =IF(A17="","",A17*$E$49) | B63: =IF(B17="","",B17*$E$49) | C63: 8 | D63: =IF(D17="","",D17*$E$47) | E63: =IF(E17="","",E17*$E$48) | F63: =F17 -> FALSE | G63: =G17 -> FALSE | H63: =H17 -> FALSE | I63: =I17 -> FALSE | J63: =IF(J17="","",J17) | K63: =IF(K17="","",K17*$E$47) | L63: =IF(L17="","",IF(L$54="Eta",L17,L17*$E$50)) | M63: =M17 -> FALSE | N63: =N17 -> FALSE | O63: =O17 -> FALSE | P63: =P17 -> FALSE | Q63: =IF(Q17="","",Q17) | R63: =IF(R17="","",R17*$E$47) | S63: =IF(S17="","",S17*$E$48) | T63: =T17 -> FALSE | U63: =U17 -> FALSE | V63: =V17 -> FALSE | W63: =W17 -> FALSE | X63: =IF(X17="","",X17) | Y63: =IF(Y17="","",Y17*$E$47) | Z63: =IF(Z17="","",Z17*$E$48) | AA63: =AA17 -> FALSE | AB63: =AB17 -> FALSE | AC63: =AC17 -> FALSE | AD63: =AD17 -> FALSE | AE63: =IF(AE17="","",AE17) | AF63: =IF(AF17="","",AF17*$E$47) | AG63: =IF(AG17="","",IF(AG$54="Eta",AG17,AG17*$E$50)) | AH63: =AH17 -> FALSE | AI63: =AI17 -> FALSE | AJ63: =AJ17 -> FALSE | AK63: =AK17 -> FALSE | AL63: =IF(AL17="","",AL17) | AM63: =IF(AM17="","",AM17*$E$47) | AN63: =IF(AN17="","",AN17*$E$48) | AO63: =AO17 -> FALSE | AP63: =AP17 -> FALSE | AQ63: =AQ17 -> FALSE | AR63: =AR17 -> FALSE | AS63: =IF(AS17="","",AS17) | AT63: =IF(AT17="","",AT17*$E$47) | AU63: =IF(AU17="","",AU17*$E$48) | AV63: =AV17 -> FALSE | AW63: =AW17 -> FALSE | AX63: =AX17 -> FALSE | AY63: =AY17 -> FALSE | AZ63: =IF(AZ17="","",AZ17) | BA63: =IF(BA17="","",BA17*$E$47) | BB63: =IF(BB17="","",IF(BB$54="Eta",BB17,BB17*$E$50)) | BC63: =BC17 -> FALSE | BD63: =BD17 -> FALSE | BE63: =BE17 -> FALSE | BF63: =BF17 -> FALSE | BG63: =IF(BG17="","",BG17) | BH63: =IF(BH17="","",BH17*$E$47) | BI63: =IF(BI17="","",BI17*$E$48) | BJ63: =BJ17 -> FALSE | BK63: =BK17 -> FALSE | BL63: =BL17 -> FALSE | BM63: =BM17 -> FALSE | BN63: =IF(BN17="","",BN17) | BO63: =IF(BO17="","",BO17*$E$47) | BP63: =IF(BP17="","",BP17*$E$48) | BQ63: =BQ17 -> FALSE | BR63: =BR17 -> FALSE | BS63: =BS17 -> FALSE | BT63: =BT17 -> FALSE | BU63: =IF(BU17="","",BU17) | BV63: =IF(BV17="","",BV17*$E$47) | BW63: =IF(BW17="","",IF(BW$54="Eta",BW17,BW17*$E$50)) | BX63: =BX17 -> FALSE | BY63: =BY17 -> FALSE | BZ63: =BZ17 -> FALSE | CA63: =CA17 -> FALSE | CB63: =IF(CB17="","",CB17) | CC63: =IF(CC17="","",CC17*$E$47) | CD63: =IF(CD17="","",CD17*$E$48) | CE63: =CE17 -> FALSE | CF63: =CF17 -> FALSE | CG63: =CG17 -> FALSE | CH63: =CH17 -> FALSE | CI63: =IF(CI17="","",CI17) | CJ63: =IF(CJ17="","",CJ17*$E$47) | CK63: =IF(CK17="","",CK17*$E$48) | CL63: =CL17 -> FALSE | CM63: =CM17 -> FALSE | CN63: =CN17 -> FALSE | CO63: =CO17 -> FALSE | CP63: =IF(CP17="","",CP17) | CQ63: =IF(CQ17="","",CQ17*$E$47) | CR63: =IF(CR17="","",IF(CR$54="Eta",CR17,CR17*$E$50)) | CS63: =CS17 -> FALSE | CT63: =CT17 -> FALSE | CU63: =CU17 -> FALSE | CV63: =CV17 -> FALSE | CW63: =IF(CW17="","",CW17) | CX63: =IF(CX17="","",CX17*$E$47) | CY63: =IF(CY17="","",CY17*$E$48) | CZ63: =CZ17 -> FALSE | DA63: =DA17 -> FALSE | DB63: =DB17 -> FALSE | DC63: =DC17 -> FALSE | DD63: =IF(DD17="","",DD17) | DE63: =IF(DE17="","",DE17*$E$47) | DF63: =IF(DF17="","",DF17*$E$48) | DG63: =DG17 -> FALSE | DH63: =DH17 -> FALSE | DI63: =DI17 -> FALSE | DJ63: =DJ17 -> FALSE | DK63: =IF(DK17="","",DK17) | DL63: =IF(DL17="","",DL17*$E$47) | DM63: =IF(DM17="","",IF(DM$54="Eta",DM17,DM17*$E$50)) | DN63: =DN17 -> FALSE | DO63: =DO17 -> FALSE | DP63: =DP17 -> FALSE | DQ63: =DQ17 -> FALSE | DR63: =IF(DR17="","",DR17) | DS63: =IF(DS17="","",DS17*$E$47) | DT63: =IF(DT17="","",DT17*$E$48) | DU63: =DU17 -> FALSE | DV63: =DV17 -> FALSE | DW63: =DW17 -> FALSE | DX63: =DX17 -> FALSE | DY63: =IF(DY17="","",DY17) | DZ63: =IF(DZ17="","",DZ17*$E$47) | EA63: =IF(EA17="","",EA17*$E$48) | EB63: =EB17 -> FALSE | EC63: =EC17 -> FALSE | ED63: =ED17 -> FALSE | EE63: =EE17 -> FALSE | EF63: =IF(EF17="","",EF17) | EG63: =IF(EG17="","",EG17*$E$47) | EH63: =IF(EH17="","",IF(EH$54="Eta",EH17,EH17*$E$50)) | EI63: =EI17 -> FALSE | EJ63: =EJ17 -> FALSE | EK63: =EK17 -> FALSE | EL63: =EL17 -> FALSE | EM63: =IF(EM17="","",EM17) | EN63: =IF(EN17="","",EN17*$E$47) | EO63: =IF(EO17="","",EO17*$E$48) | EP63: =EP17 -> FALSE | EQ63: =EQ17 -> FALSE | ER63: =ER17 -> FALSE | ES63: =ES17 -> FALSE | ET63: =IF(ET17="","",ET17) | EU63: =IF(EU17="","",EU17*$E$47) | EV63: =IF(EV17="","",EV17*$E$48) | EW63: =EW17 -> FALSE | EX63: =EX17 -> FALSE | EY63: =EY17 -> FALSE | EZ63: =EZ17 -> FALSE | FA63: =IF(FA17="","",FA17) | FB63: =IF(FB17="","",FB17*$E$47) | FC63: =IF(FC17="","",IF(FC$54="Eta",FC17,FC17*$E$50)) | FD63: =FD17 -> FALSE | FE63: =FE17 -> FALSE | FF63: =FF17 -> FALSE | FG63: =FG17 -> FALSE | FH63: =IF(FH17="","",FH17) | FI63: =IF(FI17="","",FI17*$E$47) | FJ63: =IF(FJ17="","",FJ17*$E$48) | FK63: =FK17 -> FALSE | FL63: =FL17 -> FALSE | FM63: =FM17 -> FALSE | FN63: =FN17 -> FALSE | FO63: =IF(FO17="","",FO17) | FP63: =IF(FP17="","",FP17*$E$47) | FQ63: =IF(FQ17="","",FQ17*$E$48) | FR63: =FR17 -> FALSE | FS63: =FS17 -> FALSE | FT63: =FT17 -> FALSE | FU63: =FU17 -> FALSE | FV63: =IF(FV17="","",FV17) | FW63: =IF(FW17="","",FW17*$E$47) | FX63: =IF(FX17="","",IF(FX$54="Eta",FX17,FX17*$E$50)) | FY63: =FY17 -> FALSE | FZ63: =FZ17 -> FALSE | GA63: =GA17 -> FALSE | GB63: =GB17 -> FALSE | GC63: =IF(GC17="","",GC17) | GD63: =IF(GD17="","",GD17*$E$47) | GE63: =IF(GE17="","",GE17*$E$48) | GF63: =GF17 -> FALSE | GG63: =GG17 -> FALSE | GH63: =GH17 -> FALSE | GI63: =GI17 -> FALSE | GJ63: =IF(GJ17="","",GJ17) | GK63: =IF(GK17="","",GK17*$E$47) | GL63: =IF(GL17="","",GL17*$E$48) | GM63: =GM17 -> FALSE | GN63: =GN17 -> FALSE | GO63: =GO17 -> FALSE | GP63: =GP17 -> FALSE | GQ63: =IF(GQ17="","",GQ17) | GR63: =IF(GR17="","",GR17*$E$47) | GS63: =IF(GS17="","",IF(GS$54="Eta",GS17,GS17*$E$50)) | GT63: =GT17 -> FALSE | GU63: =GU17 -> FALSE | GV63: =GV17 -> FALSE | GW63: =GW17 -> FALSE | GX63: =IF(GX17="","",GX17) | GY63: =IF(GY17="","",GY17*$E$47) | GZ63: =IF(GZ17="","",GZ17*$E$48) | HA63: =HA17 -> FALSE | HB63: =HB17 -> FALSE | HC63: =HC17 -> FALSE | HD63: =HD17 -> FALSE | HE63: =IF(HE17="","",HE17) | HF63: =IF(HF17="","",HF17*$E$47) | HG63: =IF(HG17="","",HG17*$E$48) | HH63: =HH17 -> FALSE | HI63: =HI17 -> FALSE | HJ63: =HJ17 -> FALSE | HK63: =HK17 -> FALSE | HL63: =IF(HL17="","",HL17) | HM63: =IF(HM17="","",HM17*$E$47) | HN63: =IF(HN17="","",IF(HN$54="Eta",HN17,HN17*$E$50)) | HO63: =HO17 -> FALSE | HP63: =HP17 -> FALSE | HQ63: =HQ17 -> FALSE | HR63: =HR17 -> FALSE | HS63: =IF(HS17="","",HS17) | HT63: =IF(HT17="","",HT17*$E$47) | HU63: =IF(HU17="","",HU17*$E$48) | HV63: =HV17 -> FALSE | HW63: =HW17 -> FALSE | HX63: =HX17 -> FALSE | HY63: =HY17 -> FALSE | HZ63: =IF(HZ17="","",HZ17) | IA63: =IF(IA17="","",IA17*$E$47) | IB63: =IF(IB17="","",IB17*$E$48) | IC63: =IC17 -> FALSE | ID63: =ID17 -> FALSE | IE63: =IE17 -> FALSE | IF63: =IF17 -> FALSE | IG63: =IF(IG17="","",IG17) | IH63: =IF(IH17="","",IH17*$E$47) | II63: =IF(II17="","",IF(II$54="Eta",II17,II17*$E$50)) | IJ63: =IJ17 -> FALSE | IK63: =IK17 -> FALSE | IL63: =IL17 -> FALSE | IM63: =IM17 -> FALSE | IN63: =IF(IN17="","",IN17) | IO63: =IF(IO17="","",IO17*$E$47) | IP63: =IF(IP17="","",IP17*$E$48) | IQ63: =IQ17 -> FALSE | IR63: =IR17 -> FALSE | IS63: =IS17 -> FALSE | IT63: =IT17 -> FALSE | IU63: =IF(IU17="","",IU17)
A64: =IF(A18="","",A18*$E$49) | B64: =IF(B18="","",B18*$E$49) | C64: 9 | D64: =IF(D18="","",D18*$E$47) | E64: =IF(E18="","",E18*$E$48) | F64: =F18 -> FALSE | G64: =G18 -> FALSE | H64: =H18 -> FALSE | I64: =I18 -> FALSE | J64: =IF(J18="","",J18) | K64: =IF(K18="","",K18*$E$47) | L64: =IF(L18="","",IF(L$54="Eta",L18,L18*$E$50)) | M64: =M18 -> FALSE | N64: =N18 -> FALSE | O64: =O18 -> FALSE | P64: =P18 -> FALSE | Q64: =IF(Q18="","",Q18) | R64: =IF(R18="","",R18*$E$47) | S64: =IF(S18="","",S18*$E$48) | T64: =T18 -> FALSE | U64: =U18 -> FALSE | V64: =V18 -> FALSE | W64: =W18 -> FALSE | X64: =IF(X18="","",X18) | Y64: =IF(Y18="","",Y18*$E$47) | Z64: =IF(Z18="","",Z18*$E$48) | AA64: =AA18 -> FALSE | AB64: =AB18 -> FALSE | AC64: =AC18 -> FALSE | AD64: =AD18 -> FALSE | AE64: =IF(AE18="","",AE18) | AF64: =IF(AF18="","",AF18*$E$47) | AG64: =IF(AG18="","",IF(AG$54="Eta",AG18,AG18*$E$50)) | AH64: =AH18 -> FALSE | AI64: =AI18 -> FALSE | AJ64: =AJ18 -> FALSE | AK64: =AK18 -> FALSE | AL64: =IF(AL18="","",AL18) | AM64: =IF(AM18="","",AM18*$E$47) | AN64: =IF(AN18="","",AN18*$E$48) | AO64: =AO18 -> FALSE | AP64: =AP18 -> FALSE | AQ64: =AQ18 -> FALSE | AR64: =AR18 -> FALSE | AS64: =IF(AS18="","",AS18) | AT64: =IF(AT18="","",AT18*$E$47) | AU64: =IF(AU18="","",AU18*$E$48) | AV64: =AV18 -> FALSE | AW64: =AW18 -> FALSE | AX64: =AX18 -> FALSE | AY64: =AY18 -> FALSE | AZ64: =IF(AZ18="","",AZ18) | BA64: =IF(BA18="","",BA18*$E$47) | BB64: =IF(BB18="","",IF(BB$54="Eta",BB18,BB18*$E$50)) | BC64: =BC18 -> FALSE | BD64: =BD18 -> FALSE | BE64: =BE18 -> FALSE | BF64: =BF18 -> FALSE | BG64: =IF(BG18="","",BG18) | BH64: =IF(BH18="","",BH18*$E$47) | BI64: =IF(BI18="","",BI18*$E$48) | BJ64: =BJ18 -> FALSE | BK64: =BK18 -> FALSE | BL64: =BL18 -> FALSE | BM64: =BM18 -> FALSE | BN64: =IF(BN18="","",BN18) | BO64: =IF(BO18="","",BO18*$E$47) | BP64: =IF(BP18="","",BP18*$E$48) | BQ64: =BQ18 -> FALSE | BR64: =BR18 -> FALSE | BS64: =BS18 -> FALSE | BT64: =BT18 -> FALSE | BU64: =IF(BU18="","",BU18) | BV64: =IF(BV18="","",BV18*$E$47) | BW64: =IF(BW18="","",IF(BW$54="Eta",BW18,BW18*$E$50)) | BX64: =BX18 -> FALSE | BY64: =BY18 -> FALSE | BZ64: =BZ18 -> FALSE | CA64: =CA18 -> FALSE | CB64: =IF(CB18="","",CB18) | CC64: =IF(CC18="","",CC18*$E$47) | CD64: =IF(CD18="","",CD18*$E$48) | CE64: =CE18 -> FALSE | CF64: =CF18 -> FALSE | CG64: =CG18 -> FALSE | CH64: =CH18 -> FALSE | CI64: =IF(CI18="","",CI18) | CJ64: =IF(CJ18="","",CJ18*$E$47) | CK64: =IF(CK18="","",CK18*$E$48) | CL64: =CL18 -> FALSE | CM64: =CM18 -> FALSE | CN64: =CN18 -> FALSE | CO64: =CO18 -> FALSE | CP64: =IF(CP18="","",CP18) | CQ64: =IF(CQ18="","",CQ18*$E$47) | CR64: =IF(CR18="","",IF(CR$54="Eta",CR18,CR18*$E$50)) | CS64: =CS18 -> FALSE | CT64: =CT18 -> FALSE | CU64: =CU18 -> FALSE | CV64: =CV18 -> FALSE | CW64: =IF(CW18="","",CW18) | CX64: =IF(CX18="","",CX18*$E$47) | CY64: =IF(CY18="","",CY18*$E$48) | CZ64: =CZ18 -> FALSE | DA64: =DA18 -> FALSE | DB64: =DB18 -> FALSE | DC64: =DC18 -> FALSE | DD64: =IF(DD18="","",DD18) | DE64: =IF(DE18="","",DE18*$E$47) | DF64: =IF(DF18="","",DF18*$E$48) | DG64: =DG18 -> FALSE | DH64: =DH18 -> FALSE | DI64: =DI18 -> FALSE | DJ64: =DJ18 -> FALSE | DK64: =IF(DK18="","",DK18) | DL64: =IF(DL18="","",DL18*$E$47) | DM64: =IF(DM18="","",IF(DM$54="Eta",DM18,DM18*$E$50)) | DN64: =DN18 -> FALSE | DO64: =DO18 -> FALSE | DP64: =DP18 -> FALSE | DQ64: =DQ18 -> FALSE | DR64: =IF(DR18="","",DR18) | DS64: =IF(DS18="","",DS18*$E$47) | DT64: =IF(DT18="","",DT18*$E$48) | DU64: =DU18 -> FALSE | DV64: =DV18 -> FALSE | DW64: =DW18 -> FALSE | DX64: =DX18 -> FALSE | DY64: =IF(DY18="","",DY18) | DZ64: =IF(DZ18="","",DZ18*$E$47) | EA64: =IF(EA18="","",EA18*$E$48) | EB64: =EB18 -> FALSE | EC64: =EC18 -> FALSE | ED64: =ED18 -> FALSE | EE64: =EE18 -> FALSE | EF64: =IF(EF18="","",EF18) | EG64: =IF(EG18="","",EG18*$E$47) | EH64: =IF(EH18="","",IF(EH$54="Eta",EH18,EH18*$E$50)) | EI64: =EI18 -> FALSE | EJ64: =EJ18 -> FALSE | EK64: =EK18 -> FALSE | EL64: =EL18 -> FALSE | EM64: =IF(EM18="","",EM18) | EN64: =IF(EN18="","",EN18*$E$47) | EO64: =IF(EO18="","",EO18*$E$48) | EP64: =EP18 -> FALSE | EQ64: =EQ18 -> FALSE | ER64: =ER18 -> FALSE | ES64: =ES18 -> FALSE | ET64: =IF(ET18="","",ET18) | EU64: =IF(EU18="","",EU18*$E$47) | EV64: =IF(EV18="","",EV18*$E$48) | EW64: =EW18 -> FALSE | EX64: =EX18 -> FALSE | EY64: =EY18 -> FALSE | EZ64: =EZ18 -> FALSE | FA64: =IF(FA18="","",FA18) | FB64: =IF(FB18="","",FB18*$E$47) | FC64: =IF(FC18="","",IF(FC$54="Eta",FC18,FC18*$E$50)) | FD64: =FD18 -> FALSE | FE64: =FE18 -> FALSE | FF64: =FF18 -> FALSE | FG64: =FG18 -> FALSE | FH64: =IF(FH18="","",FH18) | FI64: =IF(FI18="","",FI18*$E$47) | FJ64: =IF(FJ18="","",FJ18*$E$48) | FK64: =FK18 -> FALSE | FL64: =FL18 -> FALSE | FM64: =FM18 -> FALSE | FN64: =FN18 -> FALSE | FO64: =IF(FO18="","",FO18) | FP64: =IF(FP18="","",FP18*$E$47) | FQ64: =IF(FQ18="","",FQ18*$E$48) | FR64: =FR18 -> FALSE | FS64: =FS18 -> FALSE | FT64: =FT18 -> FALSE | FU64: =FU18 -> FALSE | FV64: =IF(FV18="","",FV18) | FW64: =IF(FW18="","",FW18*$E$47) | FX64: =IF(FX18="","",IF(FX$54="Eta",FX18,FX18*$E$50)) | FY64: =FY18 -> FALSE | FZ64: =FZ18 -> FALSE | GA64: =GA18 -> FALSE | GB64: =GB18 -> FALSE | GC64: =IF(GC18="","",GC18) | GD64: =IF(GD18="","",GD18*$E$47) | GE64: =IF(GE18="","",GE18*$E$48) | GF64: =GF18 -> FALSE | GG64: =GG18 -> FALSE | GH64: =GH18 -> FALSE | GI64: =GI18 -> FALSE | GJ64: =IF(GJ18="","",GJ18) | GK64: =IF(GK18="","",GK18*$E$47) | GL64: =IF(GL18="","",GL18*$E$48) | GM64: =GM18 -> FALSE | GN64: =GN18 -> FALSE | GO64: =GO18 -> FALSE | GP64: =GP18 -> FALSE | GQ64: =IF(GQ18="","",GQ18) | GR64: =IF(GR18="","",GR18*$E$47) | GS64: =IF(GS18="","",IF(GS$54="Eta",GS18,GS18*$E$50)) | GT64: =GT18 -> FALSE | GU64: =GU18 -> FALSE | GV64: =GV18 -> FALSE | GW64: =GW18 -> FALSE | GX64: =IF(GX18="","",GX18) | GY64: =IF(GY18="","",GY18*$E$47) | GZ64: =IF(GZ18="","",GZ18*$E$48) | HA64: =HA18 -> FALSE | HB64: =HB18 -> FALSE | HC64: =HC18 -> FALSE | HD64: =HD18 -> FALSE | HE64: =IF(HE18="","",HE18) | HF64: =IF(HF18="","",HF18*$E$47) | HG64: =IF(HG18="","",HG18*$E$48) | HH64: =HH18 -> FALSE | HI64: =HI18 -> FALSE | HJ64: =HJ18 -> FALSE | HK64: =HK18 -> FALSE | HL64: =IF(HL18="","",HL18) | HM64: =IF(HM18="","",HM18*$E$47) | HN64: =IF(HN18="","",IF(HN$54="Eta",HN18,HN18*$E$50)) | HO64: =HO18 -> FALSE | HP64: =HP18 -> FALSE | HQ64: =HQ18 -> FALSE | HR64: =HR18 -> FALSE | HS64: =IF(HS18="","",HS18) | HT64: =IF(HT18="","",HT18*$E$47) | HU64: =IF(HU18="","",HU18*$E$48) | HV64: =HV18 -> FALSE | HW64: =HW18 -> FALSE | HX64: =HX18 -> FALSE | HY64: =HY18 -> FALSE | HZ64: =IF(HZ18="","",HZ18) | IA64: =IF(IA18="","",IA18*$E$47) | IB64: =IF(IB18="","",IB18*$E$48) | IC64: =IC18 -> FALSE | ID64: =ID18 -> FALSE | IE64: =IE18 -> FALSE | IF64: =IF18 -> FALSE | IG64: =IF(IG18="","",IG18) | IH64: =IF(IH18="","",IH18*$E$47) | II64: =IF(II18="","",IF(II$54="Eta",II18,II18*$E$50)) | IJ64: =IJ18 -> FALSE | IK64: =IK18 -> FALSE | IL64: =IL18 -> FALSE | IM64: =IM18 -> FALSE | IN64: =IF(IN18="","",IN18) | IO64: =IF(IO18="","",IO18*$E$47) | IP64: =IF(IP18="","",IP18*$E$48) | IQ64: =IQ18 -> FALSE | IR64: =IR18 -> FALSE | IS64: =IS18 -> FALSE | IT64: =IT18 -> FALSE | IU64: =IF(IU18="","",IU18)
A65: =IF(A19="","",A19*$E$49) | B65: =IF(B19="","",B19*$E$49) | C65: 10 | D65: =IF(D19="","",D19*$E$47) | E65: =IF(E19="","",E19*$E$48) | F65: =F19 -> FALSE | G65: =G19 -> FALSE | H65: =H19 -> FALSE | I65: =I19 -> FALSE | J65: =IF(J19="","",J19) | K65: =IF(K19="","",K19*$E$47) | L65: =IF(L19="","",IF(L$54="Eta",L19,L19*$E$50)) | M65: =M19 -> FALSE | N65: =N19 -> FALSE | O65: =O19 -> FALSE | P65: =P19 -> FALSE | Q65: =IF(Q19="","",Q19) | R65: =IF(R19="","",R19*$E$47) | S65: =IF(S19="","",S19*$E$48) | T65: =T19 -> FALSE | U65: =U19 -> FALSE | V65: =V19 -> FALSE | W65: =W19 -> FALSE | X65: =IF(X19="","",X19) | Y65: =IF(Y19="","",Y19*$E$47) | Z65: =IF(Z19="","",Z19*$E$48) | AA65: =AA19 -> FALSE | AB65: =AB19 -> FALSE | AC65: =AC19 -> FALSE | AD65: =AD19 -> FALSE | AE65: =IF(AE19="","",AE19) | AF65: =IF(AF19="","",AF19*$E$47) | AG65: =IF(AG19="","",IF(AG$54="Eta",AG19,AG19*$E$50)) | AH65: =AH19 -> FALSE | AI65: =AI19 -> FALSE | AJ65: =AJ19 -> FALSE | AK65: =AK19 -> FALSE | AL65: =IF(AL19="","",AL19) | AM65: =IF(AM19="","",AM19*$E$47) | AN65: =IF(AN19="","",AN19*$E$48) | AO65: =AO19 -> FALSE | AP65: =AP19 -> FALSE | AQ65: =AQ19 -> FALSE | AR65: =AR19 -> FALSE | AS65: =IF(AS19="","",AS19) | AT65: =IF(AT19="","",AT19*$E$47) | AU65: =IF(AU19="","",AU19*$E$48) | AV65: =AV19 -> FALSE | AW65: =AW19 -> FALSE | AX65: =AX19 -> FALSE | AY65: =AY19 -> FALSE | AZ65: =IF(AZ19="","",AZ19) | BA65: =IF(BA19="","",BA19*$E$47) | BB65: =IF(BB19="","",IF(BB$54="Eta",BB19,BB19*$E$50)) | BC65: =BC19 -> FALSE | BD65: =BD19 -> FALSE | BE65: =BE19 -> FALSE | BF65: =BF19 -> FALSE | BG65: =IF(BG19="","",BG19) | BH65: =IF(BH19="","",BH19*$E$47) | BI65: =IF(BI19="","",BI19*$E$48) | BJ65: =BJ19 -> FALSE | BK65: =BK19 -> FALSE | BL65: =BL19 -> FALSE | BM65: =BM19 -> FALSE | BN65: =IF(BN19="","",BN19) | BO65: =IF(BO19="","",BO19*$E$47) | BP65: =IF(BP19="","",BP19*$E$48) | BQ65: =BQ19 -> FALSE | BR65: =BR19 -> FALSE | BS65: =BS19 -> FALSE | BT65: =BT19 -> FALSE | BU65: =IF(BU19="","",BU19) | BV65: =IF(BV19="","",BV19*$E$47) | BW65: =IF(BW19="","",IF(BW$54="Eta",BW19,BW19*$E$50)) | BX65: =BX19 -> FALSE | BY65: =BY19 -> FALSE | BZ65: =BZ19 -> FALSE | CA65: =CA19 -> FALSE | CB65: =IF(CB19="","",CB19) | CC65: =IF(CC19="","",CC19*$E$47) | CD65: =IF(CD19="","",CD19*$E$48) | CE65: =CE19 -> FALSE | CF65: =CF19 -> FALSE | CG65: =CG19 -> FALSE | CH65: =CH19 -> FALSE | CI65: =IF(CI19="","",CI19) | CJ65: =IF(CJ19="","",CJ19*$E$47) | CK65: =IF(CK19="","",CK19*$E$48) | CL65: =CL19 -> FALSE | CM65: =CM19 -> FALSE | CN65: =CN19 -> FALSE | CO65: =CO19 -> FALSE | CP65: =IF(CP19="","",CP19) | CQ65: =IF(CQ19="","",CQ19*$E$47) | CR65: =IF(CR19="","",IF(CR$54="Eta",CR19,CR19*$E$50)) | CS65: =CS19 -> FALSE | CT65: =CT19 -> FALSE | CU65: =CU19 -> FALSE | CV65: =CV19 -> FALSE | CW65: =IF(CW19="","",CW19) | CX65: =IF(CX19="","",CX19*$E$47) | CY65: =IF(CY19="","",CY19*$E$48) | CZ65: =CZ19 -> FALSE | DA65: =DA19 -> FALSE | DB65: =DB19 -> FALSE | DC65: =DC19 -> FALSE | DD65: =IF(DD19="","",DD19) | DE65: =IF(DE19="","",DE19*$E$47) | DF65: =IF(DF19="","",DF19*$E$48) | DG65: =DG19 -> FALSE | DH65: =DH19 -> FALSE | DI65: =DI19 -> FALSE | DJ65: =DJ19 -> FALSE | DK65: =IF(DK19="","",DK19) | DL65: =IF(DL19="","",DL19*$E$47) | DM65: =IF(DM19="","",IF(DM$54="Eta",DM19,DM19*$E$50)) | DN65: =DN19 -> FALSE | DO65: =DO19 -> FALSE | DP65: =DP19 -> FALSE | DQ65: =DQ19 -> FALSE | DR65: =IF(DR19="","",DR19) | DS65: =IF(DS19="","",DS19*$E$47) | DT65: =IF(DT19="","",DT19*$E$48) | DU65: =DU19 -> FALSE | DV65: =DV19 -> FALSE | DW65: =DW19 -> FALSE | DX65: =DX19 -> FALSE | DY65: =IF(DY19="","",DY19) | DZ65: =IF(DZ19="","",DZ19*$E$47) | EA65: =IF(EA19="","",EA19*$E$48) | EB65: =EB19 -> FALSE | EC65: =EC19 -> FALSE | ED65: =ED19 -> FALSE | EE65: =EE19 -> FALSE | EF65: =IF(EF19="","",EF19) | EG65: =IF(EG19="","",EG19*$E$47) | EH65: =IF(EH19="","",IF(EH$54="Eta",EH19,EH19*$E$50)) | EI65: =EI19 -> FALSE | EJ65: =EJ19 -> FALSE | EK65: =EK19 -> FALSE | EL65: =EL19 -> FALSE | EM65: =IF(EM19="","",EM19) | EN65: =IF(EN19="","",EN19*$E$47) | EO65: =IF(EO19="","",EO19*$E$48) | EP65: =EP19 -> FALSE | EQ65: =EQ19 -> FALSE | ER65: =ER19 -> FALSE | ES65: =ES19 -> FALSE | ET65: =IF(ET19="","",ET19) | EU65: =IF(EU19="","",EU19*$E$47) | EV65: =IF(EV19="","",EV19*$E$48) | EW65: =EW19 -> FALSE | EX65: =EX19 -> FALSE | EY65: =EY19 -> FALSE | EZ65: =EZ19 -> FALSE | FA65: =IF(FA19="","",FA19) | FB65: =IF(FB19="","",FB19*$E$47) | FC65: =IF(FC19="","",IF(FC$54="Eta",FC19,FC19*$E$50)) | FD65: =FD19 -> FALSE | FE65: =FE19 -> FALSE | FF65: =FF19 -> FALSE | FG65: =FG19 -> FALSE | FH65: =IF(FH19="","",FH19) | FI65: =IF(FI19="","",FI19*$E$47) | FJ65: =IF(FJ19="","",FJ19*$E$48) | FK65: =FK19 -> FALSE | FL65: =FL19 -> FALSE | FM65: =FM19 -> FALSE | FN65: =FN19 -> FALSE | FO65: =IF(FO19="","",FO19) | FP65: =IF(FP19="","",FP19*$E$47) | FQ65: =IF(FQ19="","",FQ19*$E$48) | FR65: =FR19 -> FALSE | FS65: =FS19 -> FALSE | FT65: =FT19 -> FALSE | FU65: =FU19 -> FALSE | FV65: =IF(FV19="","",FV19) | FW65: =IF(FW19="","",FW19*$E$47) | FX65: =IF(FX19="","",IF(FX$54="Eta",FX19,FX19*$E$50)) | FY65: =FY19 -> FALSE | FZ65: =FZ19 -> FALSE | GA65: =GA19 -> FALSE | GB65: =GB19 -> FALSE | GC65: =IF(GC19="","",GC19) | GD65: =IF(GD19="","",GD19*$E$47) | GE65: =IF(GE19="","",GE19*$E$48) | GF65: =GF19 -> FALSE | GG65: =GG19 -> FALSE | GH65: =GH19 -> FALSE | GI65: =GI19 -> FALSE | GJ65: =IF(GJ19="","",GJ19) | GK65: =IF(GK19="","",GK19*$E$47) | GL65: =IF(GL19="","",GL19*$E$48) | GM65: =GM19 -> FALSE | GN65: =GN19 -> FALSE | GO65: =GO19 -> FALSE | GP65: =GP19 -> FALSE | GQ65: =IF(GQ19="","",GQ19) | GR65: =IF(GR19="","",GR19*$E$47) | GS65: =IF(GS19="","",IF(GS$54="Eta",GS19,GS19*$E$50)) | GT65: =GT19 -> FALSE | GU65: =GU19 -> FALSE | GV65: =GV19 -> FALSE | GW65: =GW19 -> FALSE | GX65: =IF(GX19="","",GX19) | GY65: =IF(GY19="","",GY19*$E$47) | GZ65: =IF(GZ19="","",GZ19*$E$48) | HA65: =HA19 -> FALSE | HB65: =HB19 -> FALSE | HC65: =HC19 -> FALSE | HD65: =HD19 -> FALSE | HE65: =IF(HE19="","",HE19) | HF65: =IF(HF19="","",HF19*$E$47) | HG65: =IF(HG19="","",HG19*$E$48) | HH65: =HH19 -> FALSE | HI65: =HI19 -> FALSE | HJ65: =HJ19 -> FALSE | HK65: =HK19 -> FALSE | HL65: =IF(HL19="","",HL19) | HM65: =IF(HM19="","",HM19*$E$47) | HN65: =IF(HN19="","",IF(HN$54="Eta",HN19,HN19*$E$50)) | HO65: =HO19 -> FALSE | HP65: =HP19 -> FALSE | HQ65: =HQ19 -> FALSE | HR65: =HR19 -> FALSE | HS65: =IF(HS19="","",HS19) | HT65: =IF(HT19="","",HT19*$E$47) | HU65: =IF(HU19="","",HU19*$E$48) | HV65: =HV19 -> FALSE | HW65: =HW19 -> FALSE | HX65: =HX19 -> FALSE | HY65: =HY19 -> FALSE | HZ65: =IF(HZ19="","",HZ19) | IA65: =IF(IA19="","",IA19*$E$47) | IB65: =IF(IB19="","",IB19*$E$48) | IC65: =IC19 -> FALSE | ID65: =ID19 -> FALSE | IE65: =IE19 -> FALSE | IF65: =IF19 -> FALSE | IG65: =IF(IG19="","",IG19) | IH65: =IF(IH19="","",IH19*$E$47) | II65: =IF(II19="","",IF(II$54="Eta",II19,II19*$E$50)) | IJ65: =IJ19 -> FALSE | IK65: =IK19 -> FALSE | IL65: =IL19 -> FALSE | IM65: =IM19 -> FALSE | IN65: =IF(IN19="","",IN19) | IO65: =IF(IO19="","",IO19*$E$47) | IP65: =IF(IP19="","",IP19*$E$48) | IQ65: =IQ19 -> FALSE | IR65: =IR19 -> FALSE | IS65: =IS19 -> FALSE | IT65: =IT19 -> FALSE | IU65: =IF(IU19="","",IU19)
A66: =IF(A20="","",A20*$E$49) | B66: =IF(B20="","",B20*$E$49) | C66: 11 | D66: =IF(D20="","",D20*$E$47) | E66: =IF(E20="","",E20*$E$48) | F66: =F20 -> FALSE | G66: =G20 -> FALSE | H66: =H20 -> FALSE | I66: =I20 -> FALSE | J66: =IF(J20="","",J20) | K66: =IF(K20="","",K20*$E$47) | L66: =IF(L20="","",IF(L$54="Eta",L20,L20*$E$50)) | M66: =M20 -> FALSE | N66: =N20 -> FALSE | O66: =O20 -> FALSE | P66: =P20 -> FALSE | Q66: =IF(Q20="","",Q20) | R66: =IF(R20="","",R20*$E$47) | S66: =IF(S20="","",S20*$E$48) | T66: =T20 -> FALSE | U66: =U20 -> FALSE | V66: =V20 -> FALSE | W66: =W20 -> FALSE | X66: =IF(X20="","",X20) | Y66: =IF(Y20="","",Y20*$E$47) | Z66: =IF(Z20="","",Z20*$E$48) | AA66: =AA20 -> FALSE | AB66: =AB20 -> FALSE | AC66: =AC20 -> FALSE | AD66: =AD20 -> FALSE | AE66: =IF(AE20="","",AE20) | AF66: =IF(AF20="","",AF20*$E$47) | AG66: =IF(AG20="","",IF(AG$54="Eta",AG20,AG20*$E$50)) | AH66: =AH20 -> FALSE | AI66: =AI20 -> FALSE | AJ66: =AJ20 -> FALSE | AK66: =AK20 -> FALSE | AL66: =IF(AL20="","",AL20) | AM66: =IF(AM20="","",AM20*$E$47) | AN66: =IF(AN20="","",AN20*$E$48) | AO66: =AO20 -> FALSE | AP66: =AP20 -> FALSE | AQ66: =AQ20 -> FALSE | AR66: =AR20 -> FALSE | AS66: =IF(AS20="","",AS20) | AT66: =IF(AT20="","",AT20*$E$47) | AU66: =IF(AU20="","",AU20*$E$48) | AV66: =AV20 -> FALSE | AW66: =AW20 -> FALSE | AX66: =AX20 -> FALSE | AY66: =AY20 -> FALSE | AZ66: =IF(AZ20="","",AZ20) | BA66: =IF(BA20="","",BA20*$E$47) | BB66: =IF(BB20="","",IF(BB$54="Eta",BB20,BB20*$E$50)) | BC66: =BC20 -> FALSE | BD66: =BD20 -> FALSE | BE66: =BE20 -> FALSE | BF66: =BF20 -> FALSE | BG66: =IF(BG20="","",BG20) | BH66: =IF(BH20="","",BH20*$E$47) | BI66: =IF(BI20="","",BI20*$E$48) | BJ66: =BJ20 -> FALSE | BK66: =BK20 -> FALSE | BL66: =BL20 -> FALSE | BM66: =BM20 -> FALSE | BN66: =IF(BN20="","",BN20) | BO66: =IF(BO20="","",BO20*$E$47) | BP66: =IF(BP20="","",BP20*$E$48) | BQ66: =BQ20 -> FALSE | BR66: =BR20 -> FALSE | BS66: =BS20 -> FALSE | BT66: =BT20 -> FALSE | BU66: =IF(BU20="","",BU20) | BV66: =IF(BV20="","",BV20*$E$47) | BW66: =IF(BW20="","",IF(BW$54="Eta",BW20,BW20*$E$50)) | BX66: =BX20 -> FALSE | BY66: =BY20 -> FALSE | BZ66: =BZ20 -> FALSE | CA66: =CA20 -> FALSE | CB66: =IF(CB20="","",CB20) | CC66: =IF(CC20="","",CC20*$E$47) | CD66: =IF(CD20="","",CD20*$E$48) | CE66: =CE20 -> FALSE | CF66: =CF20 -> FALSE | CG66: =CG20 -> FALSE | CH66: =CH20 -> FALSE | CI66: =IF(CI20="","",CI20) | CJ66: =IF(CJ20="","",CJ20*$E$47) | CK66: =IF(CK20="","",CK20*$E$48) | CL66: =CL20 -> FALSE | CM66: =CM20 -> FALSE | CN66: =CN20 -> FALSE | CO66: =CO20 -> FALSE | CP66: =IF(CP20="","",CP20) | CQ66: =IF(CQ20="","",CQ20*$E$47) | CR66: =IF(CR20="","",IF(CR$54="Eta",CR20,CR20*$E$50)) | CS66: =CS20 -> FALSE | CT66: =CT20 -> FALSE | CU66: =CU20 -> FALSE | CV66: =CV20 -> FALSE | CW66: =IF(CW20="","",CW20) | CX66: =IF(CX20="","",CX20*$E$47) | CY66: =IF(CY20="","",CY20*$E$48) | CZ66: =CZ20 -> FALSE | DA66: =DA20 -> FALSE | DB66: =DB20 -> FALSE | DC66: =DC20 -> FALSE | DD66: =IF(DD20="","",DD20) | DE66: =IF(DE20="","",DE20*$E$47) | DF66: =IF(DF20="","",DF20*$E$48) | DG66: =DG20 -> FALSE | DH66: =DH20 -> FALSE | DI66: =DI20 -> FALSE | DJ66: =DJ20 -> FALSE | DK66: =IF(DK20="","",DK20) | DL66: =IF(DL20="","",DL20*$E$47) | DM66: =IF(DM20="","",IF(DM$54="Eta",DM20,DM20*$E$50)) | DN66: =DN20 -> FALSE | DO66: =DO20 -> FALSE | DP66: =DP20 -> FALSE | DQ66: =DQ20 -> FALSE | DR66: =IF(DR20="","",DR20) | DS66: =IF(DS20="","",DS20*$E$47) | DT66: =IF(DT20="","",DT20*$E$48) | DU66: =DU20 -> FALSE | DV66: =DV20 -> FALSE | DW66: =DW20 -> FALSE | DX66: =DX20 -> FALSE | DY66: =IF(DY20="","",DY20) | DZ66: =IF(DZ20="","",DZ20*$E$47) | EA66: =IF(EA20="","",EA20*$E$48) | EB66: =EB20 -> FALSE | EC66: =EC20 -> FALSE | ED66: =ED20 -> FALSE | EE66: =EE20 -> FALSE | EF66: =IF(EF20="","",EF20) | EG66: =IF(EG20="","",EG20*$E$47) | EH66: =IF(EH20="","",IF(EH$54="Eta",EH20,EH20*$E$50)) | EI66: =EI20 -> FALSE | EJ66: =EJ20 -> FALSE | EK66: =EK20 -> FALSE | EL66: =EL20 -> FALSE | EM66: =IF(EM20="","",EM20) | EN66: =IF(EN20="","",EN20*$E$47) | EO66: =IF(EO20="","",EO20*$E$48) | EP66: =EP20 -> FALSE | EQ66: =EQ20 -> FALSE | ER66: =ER20 -> FALSE | ES66: =ES20 -> FALSE | ET66: =IF(ET20="","",ET20) | EU66: =IF(EU20="","",EU20*$E$47) | EV66: =IF(EV20="","",EV20*$E$48) | EW66: =EW20 -> FALSE | EX66: =EX20 -> FALSE | EY66: =EY20 -> FALSE | EZ66: =EZ20 -> FALSE | FA66: =IF(FA20="","",FA20) | FB66: =IF(FB20="","",FB20*$E$47) | FC66: =IF(FC20="","",IF(FC$54="Eta",FC20,FC20*$E$50)) | FD66: =FD20 -> FALSE | FE66: =FE20 -> FALSE | FF66: =FF20 -> FALSE | FG66: =FG20 -> FALSE | FH66: =IF(FH20="","",FH20) | FI66: =IF(FI20="","",FI20*$E$47) | FJ66: =IF(FJ20="","",FJ20*$E$48) | FK66: =FK20 -> FALSE | FL66: =FL20 -> FALSE | FM66: =FM20 -> FALSE | FN66: =FN20 -> FALSE | FO66: =IF(FO20="","",FO20) | FP66: =IF(FP20="","",FP20*$E$47) | FQ66: =IF(FQ20="","",FQ20*$E$48) | FR66: =FR20 -> FALSE | FS66: =FS20 -> FALSE | FT66: =FT20 -> FALSE | FU66: =FU20 -> FALSE | FV66: =IF(FV20="","",FV20) | FW66: =IF(FW20="","",FW20*$E$47) | FX66: =IF(FX20="","",IF(FX$54="Eta",FX20,FX20*$E$50)) | FY66: =FY20 -> FALSE | FZ66: =FZ20 -> FALSE | GA66: =GA20 -> FALSE | GB66: =GB20 -> FALSE | GC66: =IF(GC20="","",GC20) | GD66: =IF(GD20="","",GD20*$E$47) | GE66: =IF(GE20="","",GE20*$E$48) | GF66: =GF20 -> FALSE | GG66: =GG20 -> FALSE | GH66: =GH20 -> FALSE | GI66: =GI20 -> FALSE | GJ66: =IF(GJ20="","",GJ20) | GK66: =IF(GK20="","",GK20*$E$47) | GL66: =IF(GL20="","",GL20*$E$48) | GM66: =GM20 -> FALSE | GN66: =GN20 -> FALSE | GO66: =GO20 -> FALSE | GP66: =GP20 -> FALSE | GQ66: =IF(GQ20="","",GQ20) | GR66: =IF(GR20="","",GR20*$E$47) | GS66: =IF(GS20="","",IF(GS$54="Eta",GS20,GS20*$E$50)) | GT66: =GT20 -> FALSE | GU66: =GU20 -> FALSE | GV66: =GV20 -> FALSE | GW66: =GW20 -> FALSE | GX66: =IF(GX20="","",GX20) | GY66: =IF(GY20="","",GY20*$E$47) | GZ66: =IF(GZ20="","",GZ20*$E$48) | HA66: =HA20 -> FALSE | HB66: =HB20 -> FALSE | HC66: =HC20 -> FALSE | HD66: =HD20 -> FALSE | HE66: =IF(HE20="","",HE20) | HF66: =IF(HF20="","",HF20*$E$47) | HG66: =IF(HG20="","",HG20*$E$48) | HH66: =HH20 -> FALSE | HI66: =HI20 -> FALSE | HJ66: =HJ20 -> FALSE | HK66: =HK20 -> FALSE | HL66: =IF(HL20="","",HL20) | HM66: =IF(HM20="","",HM20*$E$47) | HN66: =IF(HN20="","",IF(HN$54="Eta",HN20,HN20*$E$50)) | HO66: =HO20 -> FALSE | HP66: =HP20 -> FALSE | HQ66: =HQ20 -> FALSE | HR66: =HR20 -> FALSE | HS66: =IF(HS20="","",HS20) | HT66: =IF(HT20="","",HT20*$E$47) | HU66: =IF(HU20="","",HU20*$E$48) | HV66: =HV20 -> FALSE | HW66: =HW20 -> FALSE | HX66: =HX20 -> FALSE | HY66: =HY20 -> FALSE | HZ66: =IF(HZ20="","",HZ20) | IA66: =IF(IA20="","",IA20*$E$47) | IB66: =IF(IB20="","",IB20*$E$48) | IC66: =IC20 -> FALSE | ID66: =ID20 -> FALSE | IE66: =IE20 -> FALSE | IF66: =IF20 -> FALSE | IG66: =IF(IG20="","",IG20) | IH66: =IF(IH20="","",IH20*$E$47) | II66: =IF(II20="","",IF(II$54="Eta",II20,II20*$E$50)) | IJ66: =IJ20 -> FALSE | IK66: =IK20 -> FALSE | IL66: =IL20 -> FALSE | IM66: =IM20 -> FALSE | IN66: =IF(IN20="","",IN20) | IO66: =IF(IO20="","",IO20*$E$47) | IP66: =IF(IP20="","",IP20*$E$48) | IQ66: =IQ20 -> FALSE | IR66: =IR20 -> FALSE | IS66: =IS20 -> FALSE | IT66: =IT20 -> FALSE | IU66: =IF(IU20="","",IU20)
A67: =IF(A21="","",A21*$E$49) | B67: =IF(B21="","",B21*$E$49) | C67: 12 | D67: =IF(D21="","",D21*$E$47) | E67: =IF(E21="","",E21*$E$48) | F67: =F21 -> FALSE | G67: =G21 -> FALSE | H67: =H21 -> FALSE | I67: =I21 -> FALSE | J67: =IF(J21="","",J21) | K67: =IF(K21="","",K21*$E$47) | L67: =IF(L21="","",IF(L$54="Eta",L21,L21*$E$50)) | M67: =M21 -> FALSE | N67: =N21 -> FALSE | O67: =O21 -> FALSE | P67: =P21 -> FALSE | Q67: =IF(Q21="","",Q21) | R67: =IF(R21="","",R21*$E$47) | S67: =IF(S21="","",S21*$E$48) | T67: =T21 -> FALSE | U67: =U21 -> FALSE | V67: =V21 -> FALSE | W67: =W21 -> FALSE | X67: =IF(X21="","",X21) | Y67: =IF(Y21="","",Y21*$E$47) | Z67: =IF(Z21="","",Z21*$E$48) | AA67: =AA21 -> FALSE | AB67: =AB21 -> FALSE | AC67: =AC21 -> FALSE | AD67: =AD21 -> FALSE | AE67: =IF(AE21="","",AE21) | AF67: =IF(AF21="","",AF21*$E$47) | AG67: =IF(AG21="","",IF(AG$54="Eta",AG21,AG21*$E$50)) | AH67: =AH21 -> FALSE | AI67: =AI21 -> FALSE | AJ67: =AJ21 -> FALSE | AK67: =AK21 -> FALSE | AL67: =IF(AL21="","",AL21) | AM67: =IF(AM21="","",AM21*$E$47) | AN67: =IF(AN21="","",AN21*$E$48) | AO67: =AO21 -> FALSE | AP67: =AP21 -> FALSE | AQ67: =AQ21 -> FALSE | AR67: =AR21 -> FALSE | AS67: =IF(AS21="","",AS21) | AT67: =IF(AT21="","",AT21*$E$47) | AU67: =IF(AU21="","",AU21*$E$48) | AV67: =AV21 -> FALSE | AW67: =AW21 -> FALSE | AX67: =AX21 -> FALSE | AY67: =AY21 -> FALSE | AZ67: =IF(AZ21="","",AZ21) | BA67: =IF(BA21="","",BA21*$E$47) | BB67: =IF(BB21="","",IF(BB$54="Eta",BB21,BB21*$E$50)) | BC67: =BC21 -> FALSE | BD67: =BD21 -> FALSE | BE67: =BE21 -> FALSE | BF67: =BF21 -> FALSE | BG67: =IF(BG21="","",BG21) | BH67: =IF(BH21="","",BH21*$E$47) | BI67: =IF(BI21="","",BI21*$E$48) | BJ67: =BJ21 -> FALSE | BK67: =BK21 -> FALSE | BL67: =BL21 -> FALSE | BM67: =BM21 -> FALSE | BN67: =IF(BN21="","",BN21) | BO67: =IF(BO21="","",BO21*$E$47) | BP67: =IF(BP21="","",BP21*$E$48) | BQ67: =BQ21 -> FALSE | BR67: =BR21 -> FALSE | BS67: =BS21 -> FALSE | BT67: =BT21 -> FALSE | BU67: =IF(BU21="","",BU21) | BV67: =IF(BV21="","",BV21*$E$47) | BW67: =IF(BW21="","",IF(BW$54="Eta",BW21,BW21*$E$50)) | BX67: =BX21 -> FALSE | BY67: =BY21 -> FALSE | BZ67: =BZ21 -> FALSE | CA67: =CA21 -> FALSE | CB67: =IF(CB21="","",CB21) | CC67: =IF(CC21="","",CC21*$E$47) | CD67: =IF(CD21="","",CD21*$E$48) | CE67: =CE21 -> FALSE | CF67: =CF21 -> FALSE | CG67: =CG21 -> FALSE | CH67: =CH21 -> FALSE | CI67: =IF(CI21="","",CI21) | CJ67: =IF(CJ21="","",CJ21*$E$47) | CK67: =IF(CK21="","",CK21*$E$48) | CL67: =CL21 -> FALSE | CM67: =CM21 -> FALSE | CN67: =CN21 -> FALSE | CO67: =CO21 -> FALSE | CP67: =IF(CP21="","",CP21) | CQ67: =IF(CQ21="","",CQ21*$E$47) | CR67: =IF(CR21="","",IF(CR$54="Eta",CR21,CR21*$E$50)) | CS67: =CS21 -> FALSE | CT67: =CT21 -> FALSE | CU67: =CU21 -> FALSE | CV67: =CV21 -> FALSE | CW67: =IF(CW21="","",CW21) | CX67: =IF(CX21="","",CX21*$E$47) | CY67: =IF(CY21="","",CY21*$E$48) | CZ67: =CZ21 -> FALSE | DA67: =DA21 -> FALSE | DB67: =DB21 -> FALSE | DC67: =DC21 -> FALSE | DD67: =IF(DD21="","",DD21) | DE67: =IF(DE21="","",DE21*$E$47) | DF67: =IF(DF21="","",DF21*$E$48) | DG67: =DG21 -> FALSE | DH67: =DH21 -> FALSE | DI67: =DI21 -> FALSE | DJ67: =DJ21 -> FALSE | DK67: =IF(DK21="","",DK21) | DL67: =IF(DL21="","",DL21*$E$47) | DM67: =IF(DM21="","",IF(DM$54="Eta",DM21,DM21*$E$50)) | DN67: =DN21 -> FALSE | DO67: =DO21 -> FALSE | DP67: =DP21 -> FALSE | DQ67: =DQ21 -> FALSE | DR67: =IF(DR21="","",DR21) | DS67: =IF(DS21="","",DS21*$E$47) | DT67: =IF(DT21="","",DT21*$E$48) | DU67: =DU21 -> FALSE | DV67: =DV21 -> FALSE | DW67: =DW21 -> FALSE | DX67: =DX21 -> FALSE | DY67: =IF(DY21="","",DY21) | DZ67: =IF(DZ21="","",DZ21*$E$47) | EA67: =IF(EA21="","",EA21*$E$48) | EB67: =EB21 -> FALSE | EC67: =EC21 -> FALSE | ED67: =ED21 -> FALSE | EE67: =EE21 -> FALSE | EF67: =IF(EF21="","",EF21) | EG67: =IF(EG21="","",EG21*$E$47) | EH67: =IF(EH21="","",IF(EH$54="Eta",EH21,EH21*$E$50)) | EI67: =EI21 -> FALSE | EJ67: =EJ21 -> FALSE | EK67: =EK21 -> FALSE | EL67: =EL21 -> FALSE | EM67: =IF(EM21="","",EM21) | EN67: =IF(EN21="","",EN21*$E$47) | EO67: =IF(EO21="","",EO21*$E$48) | EP67: =EP21 -> FALSE | EQ67: =EQ21 -> FALSE | ER67: =ER21 -> FALSE | ES67: =ES21 -> FALSE | ET67: =IF(ET21="","",ET21) | EU67: =IF(EU21="","",EU21*$E$47) | EV67: =IF(EV21="","",EV21*$E$48) | EW67: =EW21 -> FALSE | EX67: =EX21 -> FALSE | EY67: =EY21 -> FALSE | EZ67: =EZ21 -> FALSE | FA67: =IF(FA21="","",FA21) | FB67: =IF(FB21="","",FB21*$E$47) | FC67: =IF(FC21="","",IF(FC$54="Eta",FC21,FC21*$E$50)) | FD67: =FD21 -> FALSE | FE67: =FE21 -> FALSE | FF67: =FF21 -> FALSE | FG67: =FG21 -> FALSE | FH67: =IF(FH21="","",FH21) | FI67: =IF(FI21="","",FI21*$E$47) | FJ67: =IF(FJ21="","",FJ21*$E$48) | FK67: =FK21 -> FALSE | FL67: =FL21 -> FALSE | FM67: =FM21 -> FALSE | FN67: =FN21 -> FALSE | FO67: =IF(FO21="","",FO21) | FP67: =IF(FP21="","",FP21*$E$47) | FQ67: =IF(FQ21="","",FQ21*$E$48) | FR67: =FR21 -> FALSE | FS67: =FS21 -> FALSE | FT67: =FT21 -> FALSE | FU67: =FU21 -> FALSE | FV67: =IF(FV21="","",FV21) | FW67: =IF(FW21="","",FW21*$E$47) | FX67: =IF(FX21="","",IF(FX$54="Eta",FX21,FX21*$E$50)) | FY67: =FY21 -> FALSE | FZ67: =FZ21 -> FALSE | GA67: =GA21 -> FALSE | GB67: =GB21 -> FALSE | GC67: =IF(GC21="","",GC21) | GD67: =IF(GD21="","",GD21*$E$47) | GE67: =IF(GE21="","",GE21*$E$48) | GF67: =GF21 -> FALSE | GG67: =GG21 -> FALSE | GH67: =GH21 -> FALSE | GI67: =GI21 -> FALSE | GJ67: =IF(GJ21="","",GJ21) | GK67: =IF(GK21="","",GK21*$E$47) | GL67: =IF(GL21="","",GL21*$E$48) | GM67: =GM21 -> FALSE | GN67: =GN21 -> FALSE | GO67: =GO21 -> FALSE | GP67: =GP21 -> FALSE | GQ67: =IF(GQ21="","",GQ21) | GR67: =IF(GR21="","",GR21*$E$47) | GS67: =IF(GS21="","",IF(GS$54="Eta",GS21,GS21*$E$50)) | GT67: =GT21 -> FALSE | GU67: =GU21 -> FALSE | GV67: =GV21 -> FALSE | GW67: =GW21 -> FALSE | GX67: =IF(GX21="","",GX21) | GY67: =IF(GY21="","",GY21*$E$47) | GZ67: =IF(GZ21="","",GZ21*$E$48) | HA67: =HA21 -> FALSE | HB67: =HB21 -> FALSE | HC67: =HC21 -> FALSE | HD67: =HD21 -> FALSE | HE67: =IF(HE21="","",HE21) | HF67: =IF(HF21="","",HF21*$E$47) | HG67: =IF(HG21="","",HG21*$E$48) | HH67: =HH21 -> FALSE | HI67: =HI21 -> FALSE | HJ67: =HJ21 -> FALSE | HK67: =HK21 -> FALSE | HL67: =IF(HL21="","",HL21) | HM67: =IF(HM21="","",HM21*$E$47) | HN67: =IF(HN21="","",IF(HN$54="Eta",HN21,HN21*$E$50)) | HO67: =HO21 -> FALSE | HP67: =HP21 -> FALSE | HQ67: =HQ21 -> FALSE | HR67: =HR21 -> FALSE | HS67: =IF(HS21="","",HS21) | HT67: =IF(HT21="","",HT21*$E$47) | HU67: =IF(HU21="","",HU21*$E$48) | HV67: =HV21 -> FALSE | HW67: =HW21 -> FALSE | HX67: =HX21 -> FALSE | HY67: =HY21 -> FALSE | HZ67: =IF(HZ21="","",HZ21) | IA67: =IF(IA21="","",IA21*$E$47) | IB67: =IF(IB21="","",IB21*$E$48) | IC67: =IC21 -> FALSE | ID67: =ID21 -> FALSE | IE67: =IE21 -> FALSE | IF67: =IF21 -> FALSE | IG67: =IF(IG21="","",IG21) | IH67: =IF(IH21="","",IH21*$E$47) | II67: =IF(II21="","",IF(II$54="Eta",II21,II21*$E$50)) | IJ67: =IJ21 -> FALSE | IK67: =IK21 -> FALSE | IL67: =IL21 -> FALSE | IM67: =IM21 -> FALSE | IN67: =IF(IN21="","",IN21) | IO67: =IF(IO21="","",IO21*$E$47) | IP67: =IF(IP21="","",IP21*$E$48) | IQ67: =IQ21 -> FALSE | IR67: =IR21 -> FALSE | IS67: =IS21 -> FALSE | IT67: =IT21 -> FALSE | IU67: =IF(IU21="","",IU21)
C68: 13 | D68: =IF(D22="","",D22*$E$47) | E68: =IF(E22="","",E22*$E$48) | F68: =F22 -> FALSE | G68: =G22 -> FALSE | H68: =H22 -> FALSE | I68: =I22 -> FALSE | J68: =IF(J22="","",J22) | K68: =IF(K22="","",K22*$E$47) | L68: =IF(L22="","",IF(L$54="Eta",L22,L22*$E$50)) | M68: =M22 -> FALSE | N68: =N22 -> FALSE | O68: =O22 -> FALSE | P68: =P22 -> FALSE | Q68: =IF(Q22="","",Q22) | R68: =IF(R22="","",R22*$E$47) | S68: =IF(S22="","",S22*$E$48) | T68: =T22 -> FALSE | U68: =U22 -> FALSE | V68: =V22 -> FALSE | W68: =W22 -> FALSE | X68: =IF(X22="","",X22) | Y68: =IF(Y22="","",Y22*$E$47) | Z68: =IF(Z22="","",Z22*$E$48) | AA68: =AA22 -> FALSE | AB68: =AB22 -> FALSE | AC68: =AC22 -> FALSE | AD68: =AD22 -> FALSE | AE68: =IF(AE22="","",AE22) | AF68: =IF(AF22="","",AF22*$E$47) | AG68: =IF(AG22="","",IF(AG$54="Eta",AG22,AG22*$E$50)) | AH68: =AH22 -> FALSE | AI68: =AI22 -> FALSE | AJ68: =AJ22 -> FALSE | AK68: =AK22 -> FALSE | AL68: =IF(AL22="","",AL22) | AM68: =IF(AM22="","",AM22*$E$47) | AN68: =IF(AN22="","",AN22*$E$48) | AO68: =AO22 -> FALSE | AP68: =AP22 -> FALSE | AQ68: =AQ22 -> FALSE | AR68: =AR22 -> FALSE | AS68: =IF(AS22="","",AS22) | AT68: =IF(AT22="","",AT22*$E$47) | AU68: =IF(AU22="","",AU22*$E$48) | AV68: =AV22 -> FALSE | AW68: =AW22 -> FALSE | AX68: =AX22 -> FALSE | AY68: =AY22 -> FALSE | AZ68: =IF(AZ22="","",AZ22) | BA68: =IF(BA22="","",BA22*$E$47) | BB68: =IF(BB22="","",IF(BB$54="Eta",BB22,BB22*$E$50)) | BC68: =BC22 -> FALSE | BD68: =BD22 -> FALSE | BE68: =BE22 -> FALSE | BF68: =BF22 -> FALSE | BG68: =IF(BG22="","",BG22) | BH68: =IF(BH22="","",BH22*$E$47) | BI68: =IF(BI22="","",BI22*$E$48) | BJ68: =BJ22 -> FALSE | BK68: =BK22 -> FALSE | BL68: =BL22 -> FALSE | BM68: =BM22 -> FALSE | BN68: =IF(BN22="","",BN22) | BO68: =IF(BO22="","",BO22*$E$47) | BP68: =IF(BP22="","",BP22*$E$48) | BQ68: =BQ22 -> FALSE | BR68: =BR22 -> FALSE | BS68: =BS22 -> FALSE | BT68: =BT22 -> FALSE | BU68: =IF(BU22="","",BU22) | BV68: =IF(BV22="","",BV22*$E$47) | BW68: =IF(BW22="","",IF(BW$54="Eta",BW22,BW22*$E$50)) | BX68: =BX22 -> FALSE | BY68: =BY22 -> FALSE | BZ68: =BZ22 -> FALSE | CA68: =CA22 -> FALSE | CB68: =IF(CB22="","",CB22) | CC68: =IF(CC22="","",CC22*$E$47) | CD68: =IF(CD22="","",CD22*$E$48) | CE68: =CE22 -> FALSE | CF68: =CF22 -> FALSE | CG68: =CG22 -> FALSE | CH68: =CH22 -> FALSE | CI68: =IF(CI22="","",CI22) | CJ68: =IF(CJ22="","",CJ22*$E$47) | CK68: =IF(CK22="","",CK22*$E$48) | CL68: =CL22 -> FALSE | CM68: =CM22 -> FALSE | CN68: =CN22 -> FALSE | CO68: =CO22 -> FALSE | CP68: =IF(CP22="","",CP22) | CQ68: =IF(CQ22="","",CQ22*$E$47) | CR68: =IF(CR22="","",IF(CR$54="Eta",CR22,CR22*$E$50)) | CS68: =CS22 -> FALSE | CT68: =CT22 -> FALSE | CU68: =CU22 -> FALSE | CV68: =CV22 -> FALSE | CW68: =IF(CW22="","",CW22) | CX68: =IF(CX22="","",CX22*$E$47) | CY68: =IF(CY22="","",CY22*$E$48) | CZ68: =CZ22 -> FALSE | DA68: =DA22 -> FALSE | DB68: =DB22 -> FALSE | DC68: =DC22 -> FALSE | DD68: =IF(DD22="","",DD22) | DE68: =IF(DE22="","",DE22*$E$47) | DF68: =IF(DF22="","",DF22*$E$48) | DG68: =DG22 -> FALSE | DH68: =DH22 -> FALSE | DI68: =DI22 -> FALSE | DJ68: =DJ22 -> FALSE | DK68: =IF(DK22="","",DK22) | DL68: =IF(DL22="","",DL22*$E$47) | DM68: =IF(DM22="","",IF(DM$54="Eta",DM22,DM22*$E$50)) | DN68: =DN22 -> FALSE | DO68: =DO22 -> FALSE | DP68: =DP22 -> FALSE | DQ68: =DQ22 -> FALSE | DR68: =IF(DR22="","",DR22) | DS68: =IF(DS22="","",DS22*$E$47) | DT68: =IF(DT22="","",DT22*$E$48) | DU68: =DU22 -> FALSE | DV68: =DV22 -> FALSE | DW68: =DW22 -> FALSE | DX68: =DX22 -> FALSE | DY68: =IF(DY22="","",DY22) | DZ68: =IF(DZ22="","",DZ22*$E$47) | EA68: =IF(EA22="","",EA22*$E$48) | EB68: =EB22 -> FALSE | EC68: =EC22 -> FALSE | ED68: =ED22 -> FALSE | EE68: =EE22 -> FALSE | EF68: =IF(EF22="","",EF22) | EG68: =IF(EG22="","",EG22*$E$47) | EH68: =IF(EH22="","",IF(EH$54="Eta",EH22,EH22*$E$50)) | EI68: =EI22 -> FALSE | EJ68: =EJ22 -> FALSE | EK68: =EK22 -> FALSE | EL68: =EL22 -> FALSE | EM68: =IF(EM22="","",EM22) | EN68: =IF(EN22="","",EN22*$E$47) | EO68: =IF(EO22="","",EO22*$E$48) | EP68: =EP22 -> FALSE | EQ68: =EQ22 -> FALSE | ER68: =ER22 -> FALSE | ES68: =ES22 -> FALSE | ET68: =IF(ET22="","",ET22) | EU68: =IF(EU22="","",EU22*$E$47) | EV68: =IF(EV22="","",EV22*$E$48) | EW68: =EW22 -> FALSE | EX68: =EX22 -> FALSE | EY68: =EY22 -> FALSE | EZ68: =EZ22 -> FALSE | FA68: =IF(FA22="","",FA22) | FB68: =IF(FB22="","",FB22*$E$47) | FC68: =IF(FC22="","",IF(FC$54="Eta",FC22,FC22*$E$50)) | FD68: =FD22 -> FALSE | FE68: =FE22 -> FALSE | FF68: =FF22 -> FALSE | FG68: =FG22 -> FALSE | FH68: =IF(FH22="","",FH22) | FI68: =IF(FI22="","",FI22*$E$47) | FJ68: =IF(FJ22="","",FJ22*$E$48) | FK68: =FK22 -> FALSE | FL68: =FL22 -> FALSE | FM68: =FM22 -> FALSE | FN68: =FN22 -> FALSE | FO68: =IF(FO22="","",FO22) | FP68: =IF(FP22="","",FP22*$E$47) | FQ68: =IF(FQ22="","",FQ22*$E$48) | FR68: =FR22 -> FALSE | FS68: =FS22 -> FALSE | FT68: =FT22 -> FALSE | FU68: =FU22 -> FALSE | FV68: =IF(FV22="","",FV22) | FW68: =IF(FW22="","",FW22*$E$47) | FX68: =IF(FX22="","",IF(FX$54="Eta",FX22,FX22*$E$50)) | FY68: =FY22 -> FALSE | FZ68: =FZ22 -> FALSE | GA68: =GA22 -> FALSE | GB68: =GB22 -> FALSE | GC68: =IF(GC22="","",GC22) | GD68: =IF(GD22="","",GD22*$E$47) | GE68: =IF(GE22="","",GE22*$E$48) | GF68: =GF22 -> FALSE | GG68: =GG22 -> FALSE | GH68: =GH22 -> FALSE | GI68: =GI22 -> FALSE | GJ68: =IF(GJ22="","",GJ22) | GK68: =IF(GK22="","",GK22*$E$47) | GL68: =IF(GL22="","",GL22*$E$48) | GM68: =GM22 -> FALSE | GN68: =GN22 -> FALSE | GO68: =GO22 -> FALSE | GP68: =GP22 -> FALSE | GQ68: =IF(GQ22="","",GQ22) | GR68: =IF(GR22="","",GR22*$E$47) | GS68: =IF(GS22="","",IF(GS$54="Eta",GS22,GS22*$E$50)) | GT68: =GT22 -> FALSE | GU68: =GU22 -> FALSE | GV68: =GV22 -> FALSE | GW68: =GW22 -> FALSE | GX68: =IF(GX22="","",GX22) | GY68: =IF(GY22="","",GY22*$E$47) | GZ68: =IF(GZ22="","",GZ22*$E$48) | HA68: =HA22 -> FALSE | HB68: =HB22 -> FALSE | HC68: =HC22 -> FALSE | HD68: =HD22 -> FALSE | HE68: =IF(HE22="","",HE22) | HF68: =IF(HF22="","",HF22*$E$47) | HG68: =IF(HG22="","",HG22*$E$48) | HH68: =HH22 -> FALSE | HI68: =HI22 -> FALSE | HJ68: =HJ22 -> FALSE | HK68: =HK22 -> FALSE | HL68: =IF(HL22="","",HL22) | HM68: =IF(HM22="","",HM22*$E$47) | HN68: =IF(HN22="","",IF(HN$54="Eta",HN22,HN22*$E$50)) | HO68: =HO22 -> FALSE | HP68: =HP22 -> FALSE | HQ68: =HQ22 -> FALSE | HR68: =HR22 -> FALSE | HS68: =IF(HS22="","",HS22) | HT68: =IF(HT22="","",HT22*$E$47) | HU68: =IF(HU22="","",HU22*$E$48) | HV68: =HV22 -> FALSE | HW68: =HW22 -> FALSE | HX68: =HX22 -> FALSE | HY68: =HY22 -> FALSE | HZ68: =IF(HZ22="","",HZ22) | IA68: =IF(IA22="","",IA22*$E$47) | IB68: =IF(IB22="","",IB22*$E$48) | IC68: =IC22 -> FALSE | ID68: =ID22 -> FALSE | IE68: =IE22 -> FALSE | IF68: =IF22 -> FALSE | IG68: =IF(IG22="","",IG22) | IH68: =IF(IH22="","",IH22*$E$47) | II68: =IF(II22="","",IF(II$54="Eta",II22,II22*$E$50)) | IJ68: =IJ22 -> FALSE | IK68: =IK22 -> FALSE | IL68: =IL22 -> FALSE | IM68: =IM22 -> FALSE | IN68: =IF(IN22="","",IN22) | IO68: =IF(IO22="","",IO22*$E$47) | IP68: =IF(IP22="","",IP22*$E$48) | IQ68: =IQ22 -> FALSE | IR68: =IR22 -> FALSE | IS68: =IS22 -> FALSE | IT68: =IT22 -> FALSE | IU68: =IF(IU22="","",IU22)
C69: 14 | D69: =IF(D23="","",D23*$E$47) | E69: =IF(E23="","",E23*$E$48) | F69: =F23 -> FALSE | G69: =G23 -> FALSE | H69: =H23 -> FALSE | I69: =I23 -> FALSE | J69: =IF(J23="","",J23) | K69: =IF(K23="","",K23*$E$47) | L69: =IF(L23="","",IF(L$54="Eta",L23,L23*$E$50)) | M69: =M23 -> FALSE | N69: =N23 -> FALSE | O69: =O23 -> FALSE | P69: =P23 -> FALSE | Q69: =IF(Q23="","",Q23) | R69: =IF(R23="","",R23*$E$47) | S69: =IF(S23="","",S23*$E$48) | T69: =T23 -> FALSE | U69: =U23 -> FALSE | V69: =V23 -> FALSE | W69: =W23 -> FALSE | X69: =IF(X23="","",X23) | Y69: =IF(Y23="","",Y23*$E$47) | Z69: =IF(Z23="","",Z23*$E$48) | AA69: =AA23 -> FALSE | AB69: =AB23 -> FALSE | AC69: =AC23 -> FALSE | AD69: =AD23 -> FALSE | AE69: =IF(AE23="","",AE23) | AF69: =IF(AF23="","",AF23*$E$47) | AG69: =IF(AG23="","",IF(AG$54="Eta",AG23,AG23*$E$50)) | AH69: =AH23 -> FALSE | AI69: =AI23 -> FALSE | AJ69: =AJ23 -> FALSE | AK69: =AK23 -> FALSE | AL69: =IF(AL23="","",AL23) | AM69: =IF(AM23="","",AM23*$E$47) | AN69: =IF(AN23="","",AN23*$E$48) | AO69: =AO23 -> FALSE | AP69: =AP23 -> FALSE | AQ69: =AQ23 -> FALSE | AR69: =AR23 -> FALSE | AS69: =IF(AS23="","",AS23) | AT69: =IF(AT23="","",AT23*$E$47) | AU69: =IF(AU23="","",AU23*$E$48) | AV69: =AV23 -> FALSE | AW69: =AW23 -> FALSE | AX69: =AX23 -> FALSE | AY69: =AY23 -> FALSE | AZ69: =IF(AZ23="","",AZ23) | BA69: =IF(BA23="","",BA23*$E$47) | BB69: =IF(BB23="","",IF(BB$54="Eta",BB23,BB23*$E$50)) | BC69: =BC23 -> FALSE | BD69: =BD23 -> FALSE | BE69: =BE23 -> FALSE | BF69: =BF23 -> FALSE | BG69: =IF(BG23="","",BG23) | BH69: =IF(BH23="","",BH23*$E$47) | BI69: =IF(BI23="","",BI23*$E$48) | BJ69: =BJ23 -> FALSE | BK69: =BK23 -> FALSE | BL69: =BL23 -> FALSE | BM69: =BM23 -> FALSE | BN69: =IF(BN23="","",BN23) | BO69: =IF(BO23="","",BO23*$E$47) | BP69: =IF(BP23="","",BP23*$E$48) | BQ69: =BQ23 -> FALSE | BR69: =BR23 -> FALSE | BS69: =BS23 -> FALSE | BT69: =BT23 -> FALSE | BU69: =IF(BU23="","",BU23) | BV69: =IF(BV23="","",BV23*$E$47) | BW69: =IF(BW23="","",IF(BW$54="Eta",BW23,BW23*$E$50)) | BX69: =BX23 -> FALSE | BY69: =BY23 -> FALSE | BZ69: =BZ23 -> FALSE | CA69: =CA23 -> FALSE | CB69: =IF(CB23="","",CB23) | CC69: =IF(CC23="","",CC23*$E$47) | CD69: =IF(CD23="","",CD23*$E$48) | CE69: =CE23 -> FALSE | CF69: =CF23 -> FALSE | CG69: =CG23 -> FALSE | CH69: =CH23 -> FALSE | CI69: =IF(CI23="","",CI23) | CJ69: =IF(CJ23="","",CJ23*$E$47) | CK69: =IF(CK23="","",CK23*$E$48) | CL69: =CL23 -> FALSE | CM69: =CM23 -> FALSE | CN69: =CN23 -> FALSE | CO69: =CO23 -> FALSE | CP69: =IF(CP23="","",CP23) | CQ69: =IF(CQ23="","",CQ23*$E$47) | CR69: =IF(CR23="","",IF(CR$54="Eta",CR23,CR23*$E$50)) | CS69: =CS23 -> FALSE | CT69: =CT23 -> FALSE | CU69: =CU23 -> FALSE | CV69: =CV23 -> FALSE | CW69: =IF(CW23="","",CW23) | CX69: =IF(CX23="","",CX23*$E$47) | CY69: =IF(CY23="","",CY23*$E$48) | CZ69: =CZ23 -> FALSE | DA69: =DA23 -> FALSE | DB69: =DB23 -> FALSE | DC69: =DC23 -> FALSE | DD69: =IF(DD23="","",DD23) | DE69: =IF(DE23="","",DE23*$E$47) | DF69: =IF(DF23="","",DF23*$E$48) | DG69: =DG23 -> FALSE | DH69: =DH23 -> FALSE | DI69: =DI23 -> FALSE | DJ69: =DJ23 -> FALSE | DK69: =IF(DK23="","",DK23) | DL69: =IF(DL23="","",DL23*$E$47) | DM69: =IF(DM23="","",IF(DM$54="Eta",DM23,DM23*$E$50)) | DN69: =DN23 -> FALSE | DO69: =DO23 -> FALSE | DP69: =DP23 -> FALSE | DQ69: =DQ23 -> FALSE | DR69: =IF(DR23="","",DR23) | DS69: =IF(DS23="","",DS23*$E$47) | DT69: =IF(DT23="","",DT23*$E$48) | DU69: =DU23 -> FALSE | DV69: =DV23 -> FALSE | DW69: =DW23 -> FALSE | DX69: =DX23 -> FALSE | DY69: =IF(DY23="","",DY23) | DZ69: =IF(DZ23="","",DZ23*$E$47) | EA69: =IF(EA23="","",EA23*$E$48) | EB69: =EB23 -> FALSE | EC69: =EC23 -> FALSE | ED69: =ED23 -> FALSE | EE69: =EE23 -> FALSE | EF69: =IF(EF23="","",EF23) | EG69: =IF(EG23="","",EG23*$E$47) | EH69: =IF(EH23="","",IF(EH$54="Eta",EH23,EH23*$E$50)) | EI69: =EI23 -> FALSE | EJ69: =EJ23 -> FALSE | EK69: =EK23 -> FALSE | EL69: =EL23 -> FALSE | EM69: =IF(EM23="","",EM23) | EN69: =IF(EN23="","",EN23*$E$47) | EO69: =IF(EO23="","",EO23*$E$48) | EP69: =EP23 -> FALSE | EQ69: =EQ23 -> FALSE | ER69: =ER23 -> FALSE | ES69: =ES23 -> FALSE | ET69: =IF(ET23="","",ET23) | EU69: =IF(EU23="","",EU23*$E$47) | EV69: =IF(EV23="","",EV23*$E$48) | EW69: =EW23 -> FALSE | EX69: =EX23 -> FALSE | EY69: =EY23 -> FALSE | EZ69: =EZ23 -> FALSE | FA69: =IF(FA23="","",FA23) | FB69: =IF(FB23="","",FB23*$E$47) | FC69: =IF(FC23="","",IF(FC$54="Eta",FC23,FC23*$E$50)) | FD69: =FD23 -> FALSE | FE69: =FE23 -> FALSE | FF69: =FF23 -> FALSE | FG69: =FG23 -> FALSE | FH69: =IF(FH23="","",FH23) | FI69: =IF(FI23="","",FI23*$E$47) | FJ69: =IF(FJ23="","",FJ23*$E$48) | FK69: =FK23 -> FALSE | FL69: =FL23 -> FALSE | FM69: =FM23 -> FALSE | FN69: =FN23 -> FALSE | FO69: =IF(FO23="","",FO23) | FP69: =IF(FP23="","",FP23*$E$47) | FQ69: =IF(FQ23="","",FQ23*$E$48) | FR69: =FR23 -> FALSE | FS69: =FS23 -> FALSE | FT69: =FT23 -> FALSE | FU69: =FU23 -> FALSE | FV69: =IF(FV23="","",FV23) | FW69: =IF(FW23="","",FW23*$E$47) | FX69: =IF(FX23="","",IF(FX$54="Eta",FX23,FX23*$E$50)) | FY69: =FY23 -> FALSE | FZ69: =FZ23 -> FALSE | GA69: =GA23 -> FALSE | GB69: =GB23 -> FALSE | GC69: =IF(GC23="","",GC23) | GD69: =IF(GD23="","",GD23*$E$47) | GE69: =IF(GE23="","",GE23*$E$48) | GF69: =GF23 -> FALSE | GG69: =GG23 -> FALSE | GH69: =GH23 -> FALSE | GI69: =GI23 -> FALSE | GJ69: =IF(GJ23="","",GJ23) | GK69: =IF(GK23="","",GK23*$E$47) | GL69: =IF(GL23="","",GL23*$E$48) | GM69: =GM23 -> FALSE | GN69: =GN23 -> FALSE | GO69: =GO23 -> FALSE | GP69: =GP23 -> FALSE | GQ69: =IF(GQ23="","",GQ23) | GR69: =IF(GR23="","",GR23*$E$47) | GS69: =IF(GS23="","",IF(GS$54="Eta",GS23,GS23*$E$50)) | GT69: =GT23 -> FALSE | GU69: =GU23 -> FALSE | GV69: =GV23 -> FALSE | GW69: =GW23 -> FALSE | GX69: =IF(GX23="","",GX23) | GY69: =IF(GY23="","",GY23*$E$47) | GZ69: =IF(GZ23="","",GZ23*$E$48) | HA69: =HA23 -> FALSE | HB69: =HB23 -> FALSE | HC69: =HC23 -> FALSE | HD69: =HD23 -> FALSE | HE69: =IF(HE23="","",HE23) | HF69: =IF(HF23="","",HF23*$E$47) | HG69: =IF(HG23="","",HG23*$E$48) | HH69: =HH23 -> FALSE | HI69: =HI23 -> FALSE | HJ69: =HJ23 -> FALSE | HK69: =HK23 -> FALSE | HL69: =IF(HL23="","",HL23) | HM69: =IF(HM23="","",HM23*$E$47) | HN69: =IF(HN23="","",IF(HN$54="Eta",HN23,HN23*$E$50)) | HO69: =HO23 -> FALSE | HP69: =HP23 -> FALSE | HQ69: =HQ23 -> FALSE | HR69: =HR23 -> FALSE | HS69: =IF(HS23="","",HS23) | HT69: =IF(HT23="","",HT23*$E$47) | HU69: =IF(HU23="","",HU23*$E$48) | HV69: =HV23 -> FALSE | HW69: =HW23 -> FALSE | HX69: =HX23 -> FALSE | HY69: =HY23 -> FALSE | HZ69: =IF(HZ23="","",HZ23) | IA69: =IF(IA23="","",IA23*$E$47) | IB69: =IF(IB23="","",IB23*$E$48) | IC69: =IC23 -> FALSE | ID69: =ID23 -> FALSE | IE69: =IE23 -> FALSE | IF69: =IF23 -> FALSE | IG69: =IF(IG23="","",IG23) | IH69: =IF(IH23="","",IH23*$E$47) | II69: =IF(II23="","",IF(II$54="Eta",II23,II23*$E$50)) | IJ69: =IJ23 -> FALSE | IK69: =IK23 -> FALSE | IL69: =IL23 -> FALSE | IM69: =IM23 -> FALSE | IN69: =IF(IN23="","",IN23) | IO69: =IF(IO23="","",IO23*$E$47) | IP69: =IF(IP23="","",IP23*$E$48) | IQ69: =IQ23 -> FALSE | IR69: =IR23 -> FALSE | IS69: =IS23 -> FALSE | IT69: =IT23 -> FALSE | IU69: =IF(IU23="","",IU23)
